Code,Makanan,energy (kJ),Kalori  (Kcal),protein (g),carbohydr (g),Vit. C(mg),sodium (mg),calcium (mg),Kolestrol (mg)
Z000001,Breastmilk (> 10 days post partum),288,68.833728,1.13,7,6.5,13,29,0
ZIN0001,kemiri,1154.784,276.0003047,22.4,51.7,122,452,1468,0
ZIN0002,adonan tepung beras,543.92,130.0001435,2.4,28.6,0,0,3,0
ZIN0003,adonan tepung tapioka,1594.104,381.0004206,0.3,91.3,0,9,2,0
ZIN0004,adonan tepung terigu,1522.976,364.0004019,10.3,76.3,0,2,15,0
ZIN0005,beras ketan hitam,1510.424,361.0003985,6.7,79.5,0,0,8,0
ZIN0006,beras ketan putih giling,1510.424,361.0003985,6.7,79.5,0,0,8,0
ZIN0007,beras ketan putih tumbuk,1510.424,361.0003985,6.7,79.5,0,0,8,0
ZIN0008,beras merah + beras pth campur,1418.376,339.0003743,6.6,72.9,0,1,18,0
ZIN0009,beras merah giling,1497.872,358.0003952,7.4,75.2,0,3,32,0
ZIN0010,beras merah tumbuk,1497.872,358.0003952,7.4,75.2,0,3,32,0
ZIN0011,beras putih giling,1510.424,361.0003985,6.7,79.5,0,0,8,0
ZIN0012,beras putih tumbuk,1510.424,361.0003985,6.7,79.5,0,0,8,0
ZIN0013,bihun,1594.104,381.0004206,0.3,91.3,0,9,2,0
ZIN0014,bihun goreng,991.608,237.0002616,1.9,22.9,0,0,2,0
ZIN0015,tepung beras ketan putih,1510.424,361.0003985,6.7,79.5,0,0,8,0
ZIN0016,tepung beras merah,1497.872,358.0003952,7.4,75.2,0,3,32,0
ZIN0017,temu ireng,184.096,44.00004858,1.4,10.2,5,3,22,0
ZIN0018,tepung beras,1510.424,361.0003985,6.7,79.5,0,0,8,0
ZIN0019,tepung kentang,1594.104,381.0004206,0.3,91.3,0,9,2,0
ZIN0020,tepung jagung putih,1514.608,362.0003996,8.1,76.9,0,35,6,0
ZIN0021,tepung sagu,1594.104,381.0004206,0.3,91.3,0,9,2,0
ZIN0022,tepung maizena,1594.104,381.0004206,0.3,91.3,0,9,2,0
ZIN0023,tepung jagung kuning,1514.608,362.0003996,8.1,76.9,0,35,6,0
ZIN0024,tepung garut / arrowroot,1594.104,381.0004206,0.3,91.3,0,9,2,0
ZIN0025,tepung gaplek,1313.776,314.0003467,2.6,76.6,72,5,46,0
ZIN0026,tepung tapioka,1594.104,381.0004206,0.3,91.3,0,9,2,0
ZIN0027,tepung terigu,1522.976,364.0004019,10.3,76.3,0,2,15,0
ZIN0028,blendung/ brontol,2510.4,600.0006624,4.6,75.1,0,11,6,0
ZIN0029,ubi jalar merah,430.952,103.0001137,1.7,24.3,25,10,28,0
ZIN0030,ubi jalar kuning,426.768,102.0001126,2.1,24.3,14,4,11,0
ZIN0031,ubi jalar ungu,468.608,112.0001236,2.4,26.3,14,3,9,0
ZIN0032,ubi jalar putih,468.608,112.0001236,2.4,26.3,14,3,9,0
ZIN0033,uwi,405.848,97.00010709,2.1,22.9,12,3,8,0
ZIN0034,bubur buatan pabrik,1556.448,372.0004107,15.6,64.8,0,6,48,0
ZIN0035,campuran beras,1510.424,361.0003985,6.7,79.5,0,0,8,0
ZIN0036,cantel,1389.088,332.0003665,10.3,73.7,0,7,25,0
ZIN0037,gadung mentah,405.848,97.00010709,2.1,22.9,12,3,8,0
ZIN0038,ganyong mentah,343.088,82.00009053,1.8,19.5,10,3,7,0
ZIN0039,gaplek,1313.776,314.0003467,2.6,76.6,72,5,46,0
ZIN0040,garut / irut mentah,1054.368,252.0002782,5.5,59.5,31,8,21,0
ZIN0041,gembili / mbolo,405.848,97.00010709,2.1,22.9,12,3,8,0
ZIN0042,intip,707.096,169.0001866,3.1,37.2,0,0,4,0
ZIN0043,jagung kuning pipil baru,451.872,108.0001192,3.3,25.1,6,17,2,0
ZIN0044,jagung kuning pipil lama,1514.608,362.0003996,8.1,76.9,0,35,6,0
ZIN0045,jagung kuning segar,451.872,108.0001192,3.3,25.1,6,17,2,0
ZIN0046,jagung muda berjanggel,246.856,59.00006514,1.8,13.8,3,9,1,0
ZIN0047,jagung putih pipil baru,451.872,108.0001192,3.3,25.1,6,17,2,0
ZIN0048,jagung putih pipil lama,1514.608,362.0003996,8.1,76.9,0,35,6,0
ZIN0049,jagung putih segar,451.872,108.0001192,3.3,25.1,6,17,2,0
ZIN0050,kathul beras merah,903.744,216.0002385,15.6,64.5,0,2,73,0
ZIN0051,katul beras,903.744,216.0002385,15.6,64.5,0,2,73,0
ZIN0052,kentang,389.112,93.00010267,2,21.6,13,5,5,0
ZIN0053,kentang hitam,389.112,93.00010267,2,21.6,13,5,5,0
ZIN0054,kimpul mentah,468.608,112.0001236,2.4,26.3,14,3,9,0
ZIN0055,krecek irut,1460.216,349.0003853,7.6,82.4,43,11,29,0
ZIN0056,makaroni,1476.952,353.0003897,12,70.8,0,3,18,0
ZIN0057,martabak manis,928.848,222.0002451,2.5,15.2,0,25,10,85
ZIN0058,mie + bakso (6) + kuah,619.232,148.0001634,11.7,19.8,0,21,7,28
ZIN0059,mie + kuah,589.944,141.0001557,4.8,28.3,0,1,7,0
ZIN0060,mie ayam,589.944,141.0001557,4.8,28.3,0,1,7,0
ZIN0061,mie bakso,589.944,141.0001557,4.8,28.3,0,1,7,0
ZIN0062,mie basah,589.944,141.0001557,4.8,28.3,0,1,7,0
ZIN0063,mie kering,1359.8,325.0003588,9.6,56.6,0,2,14,0
ZIN0064,mie kering,1179.888,282.0003113,9.6,56.6,0,2,14,0
ZIN0065,mie soun,1594.104,381.0004206,0.3,91.3,0,9,2,0
ZIN0066,misoa,1297.04,310.0003422,10.6,62.3,0,2,15,0
ZIN0067,nasi goreng,1046,250.000276,3.5,20.1,0,9,5,26
ZIN0068,nasi jagung,506.264,121.0001336,2.8,27.2,2,7,3,0
ZIN0069,nasi liwet,543.92,130.0001435,2.4,28.6,0,0,3,0
ZIN0070,nasi lunak and kangkung,422.584,101.0001115,2.4,22,6,4,21,0
ZIN0071,nasi putih,543.92,130.0001435,2.4,28.6,0,0,3,0
ZIN0072,nasi putih kukus,543.92,130.0001435,2.4,28.6,0,0,3,0
ZIN0073,nasi soto,271.96,65.00007176,1.2,14.3,0,0,2,0
ZIN0074,nasi tim,489.528,117.0001292,2.2,25.7,0,0,3,0
ZIN0075,nasi tim ayam,585.76,140.0001546,5.8,21.5,0,11,4,12
ZIN0076,nasi tim bayem,418.4,100.0001104,2.1,21.8,4,2,13,0
ZIN0077,nasi tim daging,648.52,155.0001711,5.4,21.5,0,8,3,13
ZIN0078,nasi tim wortel kentang,439.32,105.0001159,2,23.2,2,7,6,0
ZIN0079,nasi uduk,493.712,118.0001303,2.1,23.5,0,1,3,0
ZIN0080,nastar,866.088,207.0002285,4.4,42.9,0,22,12,72
ZIN0081,pati ganyong,1594.104,381.0004206,0.3,91.3,0,9,2,0
ZIN0082,pati irut / kerut,1594.104,381.0004206,0.3,91.3,0,9,2,0
ZIN0083,roti bakar meises,1188.256,284.0003135,8.6,52.5,0,579,11,0
ZIN0084,roti choklat,1188.256,284.0003135,8.6,52.5,0,579,11,0
ZIN0085,roti daging,1192.44,285.0003146,10.3,46.7,0,553,9,9
ZIN0086,roti goreng,1656.864,396.0004372,7,41.5,0,487,8,0
ZIN0087,roti isi kac ijo,1079.472,258.0002848,8.7,48.8,0,549,11,0
ZIN0088,roti isi nanas,1054.368,252.0002782,7.5,49.1,0,518,9,0
ZIN0089,roti isi strawberry,1054.368,252.0002782,7.5,49.1,0,518,9,0
ZIN0090,roti keju,1171.52,280.0003091,9.6,49.4,0,610,46,5
ZIN0091,roti kukis,1188.256,284.0003135,8.6,52.5,0,579,11,0
ZIN0092,roti manis,1192.44,285.0003146,7.9,56.7,0,548,9,0
ZIN0093,roti mocca,1188.256,284.0003135,8.6,52.5,0,579,11,0
ZIN0094,roti mukka special,1188.256,284.0003135,8.6,52.5,0,579,11,0
ZIN0095,roti pawa rp.50,1146.416,274.0003025,8.8,51.9,0,609,10,0
ZIN0096,roti pisang,615.048,147.0001623,3.3,32,6,183,7,0
ZIN0097,roti selei nenas,1171.52,280.0003091,8.4,54.3,0,579,10,0
ZIN0098,roti sisir,765.672,183.000202,5,36,0,311,8,21
ZIN0099,roti surabaya,765.672,183.000202,5,36,0,311,8,21
ZIN0100,roti susu,1280.304,306.0003378,10.8,51,1,598,113,13
ZIN0101,roti tawar,1146.416,274.0003025,8.8,51.9,0,609,10,0
ZIN0102,roti tawar manis,1192.44,285.0003146,7.9,56.7,0,548,9,0
ZIN0103,sagu lempeng,845.168,202.000223,2.5,46.2,0,3,4,0
ZIN0104,sarimie,589.944,141.0001557,4.8,28.3,0,1,7,0
ZIN0105,senthe,627.6,150.0001656,2.4,35.4,14,4,9,0
ZIN0106,singkong kuning,527.184,126.0001391,1.1,30.8,29,5,20,0
ZIN0107,singkong oyek,1426.744,341.0003765,1.1,82.1,24,8,16,0
ZIN0108,singkong parut,548.104,131.0001446,1.1,31.9,30,2,19,0
ZIN0109,singkong putih,548.104,131.0001446,1.1,31.9,30,2,19,0
ZIN0110,supermie,589.944,141.0001557,4.8,28.3,0,1,7,0
ZIN0111,suweg mentah,405.848,97.00010709,2.1,22.9,12,3,8,0
ZIN0112,talas mentah,468.608,112.0001236,2.4,26.3,14,3,9,0
ZIN0113,tempe gembus,832.616,199.0002197,19,17,0,6,93,0
ZIN0114,tempe kedele busuk,832.616,199.0002197,19,17,0,6,93,0
ZIN0115,tempe koro benguk,585.76,140.0001546,9,23.8,2,5,35,0
ZIN0116,tempe koro pedang,531.368,127.0001402,8.7,22.8,1,2,28,0
ZIN0117,tempe kedele murni,832.616,199.0002197,19,17,0,6,93,0
ZIN0118,tempe lamtoro,552.288,132.0001457,9.1,23.6,0,6,43,0
ZIN0119,tempeh goreng,1410.008,337.000372,19,17,0,6,93,0
ZIN0120,tepung hunkwee,1594.104,381.0004206,0.3,91.3,0,9,2,0
ZIN0121,toge kacang kedele mentah,510.448,122.0001347,13.1,9.6,15,14,67,0
ZIN0122,toge kacang hijau mentah,255.224,61.00006734,6.6,4.8,8,7,34,0
ZIN0123,toge kacang tolo mentah,255.224,61.00006734,6.6,4.8,8,7,34,0
ZIN0124,wijen,2397.432,573.0006326,17.7,23.5,0,11,975,0
ZIN0125,gucang,2221.704,531.0005862,20.6,32.9,0,15,74,0
ZIN0126,gude,1334.696,319.0003522,22,57.1,0,15,104,0
ZIN0127,jengkol,175.728,42.00004637,2.7,7.8,7,2,14,0
ZIN0128,kacang hijau,485.344,116.0001281,7.7,20.8,0,4,24,0
ZIN0129,kacang kapri mentah,351.456,84.00009274,5.4,15.6,14,3,27,0
ZIN0130,kacang kapri muda mentah,351.456,84.00009274,5.4,15.6,14,3,27,0
ZIN0131,kacang merah,1401.64,335.0003698,23,60.2,3,5,74,0
ZIN0132,kacang mete  kulit mentah,740.568,177.0001954,6,6.1,0,3,80,0
ZIN0133,kacang mete kupas kulit,2464.376,589.0006503,20,20.4,1,11,266,0
ZIN0134,kacang panjang biji,146.44,35.00003864,1.9,7.9,10,3,46,0
ZIN0135,kacang panjang mentah,146.44,35.00003864,1.9,7.9,10,3,46,0
ZIN0136,kacang tanah kulit,1732.176,414.0004571,18.8,11.8,0,13,67,0
ZIN0137,kacang tanah muda kulit,1732.176,414.0004571,18.8,11.8,0,13,67,0
ZIN0138,kacang tanah tanpa kulit,2372.328,567.000626,25.8,16.1,0,18,92,0
ZIN0139,kacang tolo (tonggak),485.344,116.0001281,7.7,20.8,0,4,24,0
ZIN0140,kapri muda mentah,146.44,35.00003864,1.9,7.9,10,3,46,0
ZIN0141,kecipir biji,1460.216,349.0003853,30.7,25.4,2,2,233,0
ZIN0142,kecipir muda mentah,146.44,35.00003864,1.9,7.9,10,3,46,0
ZIN0143,kedele hitam,1736.36,415.0004582,36.5,30.3,3,3,278,0
ZIN0144,kedele kuning,1736.36,415.0004582,36.5,30.3,3,3,278,0
ZIN0145,kembang tahu mentah,1589.92,380.0004195,40.5,9.5,0,35,525,0
ZIN0146,kemiri,2464.376,589.0006503,20,20.4,1,11,266,0
ZIN0147,ketapang (buah),2464.376,589.0006503,20,20.4,1,11,266,0
ZIN0148,kluwih biji mentah,640.152,153.0001689,2.9,33.6,22,2,12,0
ZIN0149,koro benguk biji,1543.896,369.0004074,23.6,62.7,4,12,90,0
ZIN0150,koro uceng,1543.896,369.0004074,23.6,62.7,4,12,90,0
ZIN0151,koro wedus,1280.304,306.0003378,20.3,54.9,0,11,63,0
ZIN0152,koro wedus buah muda,246.856,59.00006514,3.8,10.9,10,2,19,0
ZIN0153,lamtoro biji muda,351.456,84.00009274,5.4,15.6,14,3,27,0
ZIN0154,lamtoro biji tua,552.288,132.0001457,9.1,23.6,0,6,43,0
ZIN0155,nangka biji,640.152,153.0001689,2.9,33.6,22,2,12,0
ZIN0156,pepes tahu,317.984,76.0000839,8.1,1.9,0,7,105,0
ZIN0157,petai segar,497.896,119.0001314,9.6,12.9,16,9,98,0
ZIN0158,sayur tahu,753.12,180.0001987,5.7,11.3,0,5,74,0
ZIN0159,sayur tempe,1108.76,265.0002926,15.9,16.7,11,7,82,0
ZIN0160,semur tahu,573.208,137.0001512,13.7,10.6,0,26,34,28
ZIN0161,tahu,317.984,76.0000839,8.1,1.9,0,7,105,0
ZIN0162,tahu goreng,861.904,206.0002274,7.3,1.7,0,6,95,0
ZIN0163,air kelapa tua,75.312,18.00001987,0.1,3.6,0,1,50,0
ZIN0164,ampas kelapa,1481.136,354.0003908,3.3,15.2,3,20,14,0
ZIN0165,anggur hutan,125.52,30.00003312,0.1,7.7,3,0,4,0
ZIN0166,apel,246.856,59.00006514,0.2,15.3,6,0,7,0
ZIN0167,arbei,217.568,52.00005741,0.7,12.8,21,0,32,0
ZIN0168,asam mangga,271.96,65.00007176,0.5,17,43,2,10,0
ZIN0169,asam masak di pohon,1066.92,255.0002815,2.7,67.2,3,10,42,0
ZIN0170,belimbing,133.888,32.00003533,0.6,7.2,10,2,8,0
ZIN0171,belimbing wuluh,133.888,32.00003533,0.6,7.2,10,2,8,0
ZIN0172,buah pisang susu,384.928,92.00010157,1,23.4,9,1,6,0
ZIN0173,bungkil kelapa,1552.264,371.0004096,1.7,57.6,2,11,8,0
ZIN0174,cempedak,485.344,116.0001281,0.8,31.2,11,5,2,0
ZIN0175,cerme,246.856,59.00006514,0.2,15.3,6,0,7,0
ZIN0176,cimplukan,125.52,30.00003312,0.1,7.7,3,0,4,0
ZIN0177,cipleng / jeblokan,125.52,30.00003312,0.1,7.7,3,0,4,0
ZIN0178,duku,246.856,59.00006514,0.2,15.3,6,0,7,0
ZIN0179,durian,410.032,98.00010819,0.8,24.8,30,2,14,0
ZIN0180,duwet,246.856,59.00006514,0.2,15.3,6,0,7,0
ZIN0181,gori / nangka muda mentah,184.096,44.00004858,1.4,10.2,5,3,22,0
ZIN0182,jambu air,246.856,59.00006514,0.2,15.3,6,0,7,0
ZIN0183,jambu biji,213.384,51.0000563,0.8,11.9,184,3,20,0
ZIN0184,jambu bol,246.856,59.00006514,0.2,15.3,6,0,7,0
ZIN0185,jambu monyet buah,213.384,51.0000563,0.8,11.9,184,3,20,0
ZIN0186,jantung pisang,87.864,21.00002318,1.2,5,7,6,20,0
ZIN0187,jeruk bali,121.336,29.00003202,1.1,9.3,53,2,26,0
ZIN0188,jeruk garut,196.648,47.00005189,0.9,11.8,53,0,40,0
ZIN0189,jeruk manis,196.648,47.00005189,0.9,11.8,53,0,40,0
ZIN0190,jeruk nipis,121.336,29.00003202,1.1,9.3,53,2,26,0
ZIN0191,jus alpukat,330.536,79.00008722,0.5,11.8,2,3,3,0
ZIN0192,jus tomat,92.048,22.00002429,0.5,5.3,10,5,3,0
ZIN0193,kasreng,246.856,59.00006514,0.2,15.3,6,0,7,0
ZIN0194,kedondong masak,133.888,32.00003533,0.6,7.2,10,2,8,0
ZIN0195,kedondong muda,133.888,32.00003533,0.6,7.2,10,2,8,0
ZIN0196,kelapa 1/2 tua daging,740.568,177.0001954,1.7,7.6,2,10,7,0
ZIN0197,kelapa ampas,146.44,35.00003864,0.3,1.5,0,2,1,0
ZIN0198,kelapa muda air,75.312,18.00001987,0.1,3.6,0,1,50,0
ZIN0199,kelapa muda daging,292.88,70.00007728,0.5,10,0,5,126,0
ZIN0200,kelapa muda daging + air,292.88,70.00007728,0.5,10,0,5,126,0
ZIN0201,kelapa parutan,740.568,177.0001954,1.7,7.6,2,10,7,0
ZIN0202,kelapa tua daging,1481.136,354.0003908,3.3,15.2,3,20,14,0
ZIN0203,kelengkeng,330.536,79.00008722,1.2,20.2,69,3,21,0
ZIN0204,kembang turi rebus belu,87.864,21.00002318,1.2,5,7,6,20,0
ZIN0205,kenthos kelapa,1481.136,354.0003908,3.3,15.2,3,20,14,0
ZIN0206,kepel,246.856,59.00006514,0.2,15.3,6,0,7,0
ZIN0207,kesemek / buah genit,271.96,65.00007176,0.5,17,36,2,10,0
ZIN0208,kluwih mentah,430.952,103.0001137,1.1,27.1,29,2,17,0
ZIN0209,kokosan,246.856,59.00006514,0.2,15.3,6,0,7,0
ZIN0210,kolang kaling,184.096,44.00004858,0.2,11.5,5,0,5,0
ZIN0211,kulit melinjo,481.16,115.000127,2.3,28.6,131,5,87,0
ZIN0212,kurma,1167.336,279.000308,3,73.6,3,11,46,0
ZIN0213,langsat,246.856,59.00006514,0.2,15.3,6,0,7,0
ZIN0214,mangga gedong / gadung,271.96,65.00007176,0.5,17,36,2,10,0
ZIN0215,mangga golek,271.96,65.00007176,0.5,17,36,2,10,0
ZIN0216,mangga harum manis,271.96,65.00007176,0.5,17,43,2,10,0
ZIN0217,mangga indramayu,271.96,65.00007176,0.5,17,36,2,10,0
ZIN0218,mangga keong masak,271.96,65.00007176,0.5,17,43,2,10,0
ZIN0219,mangga kopek,271.96,65.00007176,0.5,17,36,2,10,0
ZIN0220,mangga kopyor,271.96,65.00007176,0.5,17,36,2,10,0
ZIN0221,mangga krasak,271.96,65.00007176,0.5,17,43,2,10,0
ZIN0222,mangga kuweni,271.96,65.00007176,0.5,17,43,2,10,0
ZIN0223,mangga masak,271.96,65.00007176,0.5,17,36,2,10,0
ZIN0224,mangga muda,271.96,65.00007176,0.5,17,43,2,10,0
ZIN0225,mangga nanas,271.96,65.00007176,0.5,17,36,2,10,0
ZIN0226,mangga pakel,271.96,65.00007176,0.5,17,43,2,10,0
ZIN0227,mangga sengir masak,271.96,65.00007176,0.5,17,43,2,10,0
ZIN0228,mangga sepat,271.96,65.00007176,0.5,17,36,2,10,0
ZIN0229,mangga telo,271.96,65.00007176,0.5,17,43,2,10,0
ZIN0230,manggis,246.856,59.00006514,0.2,15.3,6,0,7,0
ZIN0231,matuwa,246.856,59.00006514,0.2,15.3,6,0,7,0
ZIN0232,melinjo (buah),196.648,47.00005189,0.9,11.8,53,0,40,0
ZIN0233,menteng / kemundung,246.856,59.00006514,0.2,15.3,6,0,7,0
ZIN0234,nanas,205.016,49.0000541,0.4,12.4,15,1,7,0
ZIN0235,nangka masak di pohon,485.344,116.0001281,0.8,31.2,11,5,2,0
ZIN0236,pepaya,163.176,39.00004306,0.6,9.8,62,3,24,0
ZIN0237,pepaya muda mentah,92.048,22.00002429,1,4.5,20,8,31,0
ZIN0238,pisang ambon,384.928,92.00010157,1,23.4,9,1,6,0
ZIN0239,pisang ambon hong matang,384.928,92.00010157,1,23.4,9,1,6,0
ZIN0240,pisang ambon mentah,384.928,92.00010157,1,23.4,9,1,6,0
ZIN0241,pisang angle,384.928,92.00010157,1,23.4,9,1,6,0
ZIN0242,pisang asem matang,384.928,92.00010157,1,23.4,9,1,6,0
ZIN0243,pisang hijau,485.344,116.0001281,0.8,31.2,11,5,2,0
ZIN0244,pisang jambe,485.344,116.0001281,0.8,31.2,11,5,2,0
ZIN0245,pisang jeklek,384.928,92.00010157,1,23.4,9,1,6,0
ZIN0246,pisang kapok gembrot,485.344,116.0001281,0.8,31.2,11,5,2,0
ZIN0247,pisang kapok kuning,485.344,116.0001281,0.8,31.2,11,5,2,0
ZIN0248,pisang kele,384.928,92.00010157,1,23.4,9,1,6,0
ZIN0249,pisang kepok,485.344,116.0001281,0.8,31.2,11,5,2,0
ZIN0250,pisang kepok bawen / suluh,485.344,116.0001281,0.8,31.2,11,5,2,0
ZIN0251,pisang kepok bawen mentah,485.344,116.0001281,0.8,31.2,11,5,2,0
ZIN0252,pisang kepok kuning mentah,485.344,116.0001281,0.8,31.2,11,5,2,0
ZIN0253,pisang kepok putih mentah,485.344,116.0001281,0.8,31.2,11,5,2,0
ZIN0254,pisang klutuk matang,384.928,92.00010157,1,23.4,9,1,6,0
ZIN0255,pisang kreak matang,384.928,92.00010157,1,23.4,9,1,6,0
ZIN0256,pisang mas,384.928,92.00010157,1,23.4,9,1,6,0
ZIN0257,pisang potho,384.928,92.00010157,1,23.4,9,1,6,0
ZIN0258,pisang potho mentah,384.928,92.00010157,1,23.4,9,1,6,0
ZIN0259,pisang prasmen,384.928,92.00010157,1,23.4,9,1,6,0
ZIN0260,pisang prasmen mentah,384.928,92.00010157,1,23.4,9,1,6,0
ZIN0261,pisang pulut,384.928,92.00010157,1,23.4,9,1,6,0
ZIN0262,pisang raja,384.928,92.00010157,1,23.4,9,1,6,0
ZIN0263,pisang raja bandung,384.928,92.00010157,1,23.4,9,1,6,0
ZIN0264,pisang raja bandung mentah,384.928,92.00010157,1,23.4,9,1,6,0
ZIN0265,pisang raja kawista matang,384.928,92.00010157,1,23.4,9,1,6,0
ZIN0266,pisang raja mentah / muda,384.928,92.00010157,1,23.4,9,1,6,0
ZIN0267,pisang raja nangka matang,384.928,92.00010157,1,23.4,9,1,6,0
ZIN0268,pisang raja nangka mentah,384.928,92.00010157,1,23.4,9,1,6,0
ZIN0269,pisang raja sereh (susu),384.928,92.00010157,1,23.4,9,1,6,0
ZIN0270,pisang raja uli,384.928,92.00010157,1,23.4,9,1,6,0
ZIN0271,pisang rama,384.928,92.00010157,1,23.4,9,1,6,0
ZIN0272,pisang rayap matang,384.928,92.00010157,1,23.4,9,1,6,0
ZIN0273,pisang santen,384.928,92.00010157,1,23.4,9,1,6,0
ZIN0274,pisang siam,485.344,116.0001281,0.8,31.2,11,5,2,0
ZIN0275,pondoh kelapa,54.392,13.00001435,1,2.1,4,9,19,0
ZIN0276,rambutan,205.016,49.0000541,0.4,12.4,15,1,7,0
ZIN0277,rambutan aceh,205.016,49.0000541,0.4,12.4,15,1,7,0
ZIN0278,salak,343.088,82.00009053,0.2,21.3,6,0,7,0
ZIN0279,santan (kelapa dan air),443.504,106.000117,1,4.6,1,6,4,0
ZIN0280,santan (kelapa saja),1481.136,354.0003908,3.3,15.2,3,20,14,0
ZIN0281,sawo,347.272,83.00009163,0.3,21.4,8,0,10,0
ZIN0282,sawo bludru,347.272,83.00009163,0.3,21.4,8,0,10,0
ZIN0283,sawo duren,246.856,59.00006514,0.2,15.3,6,0,7,0
ZIN0284,semangka,133.888,32.00003533,0.6,7.2,10,2,8,0
ZIN0285,semangka muda,133.888,32.00003533,0.6,7.2,10,2,8,0
ZIN0286,setup pepaya,163.176,39.00004306,0.6,9.8,62,3,24,0
ZIN0287,sirsak,292.88,70.00007728,0.7,17.8,38,2,15,0
ZIN0288,srikaya,330.536,79.00008722,1.2,20.2,69,3,21,0
ZIN0289,sukun,430.952,103.0001137,1.1,27.1,29,2,17,0
ZIN0290,talok / kersen,125.52,30.00003312,0.1,7.7,3,0,4,0
ZIN0291,alpokat,673.624,161.0001777,2,7.4,8,10,11,0
ZIN0292,asparagus putih segar,54.392,13.00001435,1,2.1,4,9,19,0
ZIN0293,bawang merah,184.096,44.00004858,1.4,10.2,5,3,22,0
ZIN0294,bawang putih,368.192,88.00009715,2.8,20.4,10,6,44,0
ZIN0295,bayem merah,154.808,37.00004085,3.7,7.3,33,11,211,0
ZIN0296,bayem segar,154.808,37.00004085,3.7,7.3,33,11,211,0
ZIN0297,bengkuang,184.096,44.00004858,1.4,10.2,5,3,22,0
ZIN0298,bening bayem belu,33.472,8.000008832,1,1.3,3,23,45,0
ZIN0299,bening selada air and kangkung belu,1376.536,329.0003632,3.9,48,20,57,133,13
ZIN0300,bening selada air belu,87.864,21.00002318,1,4.3,19,8,29,0
ZIN0301,tekokak,167.36,40.00004416,1.8,8.6,12,2,54,0
ZIN0302,terong putih mentah,117.152,28.00003091,0.8,6.6,1,3,6,0
ZIN0303,terong belanda / ungu,117.152,28.00003091,0.8,6.6,1,3,6,0
ZIN0304,tumis bayem and sawi belu,393.296,94.00010378,1.2,1.2,12,11,41,0
ZIN0305,tomat muda,87.864,21.00002318,0.9,4.6,19,9,5,0
ZIN0306,tumis buah pepaya muda belu,188.28,45.00004968,0.4,7,44,2,17,0
ZIN0307,tumis bayem and sawi and timun belu,259.408,62.00006845,1.3,1.7,12,10,41,0
ZIN0308,tumis buah labu waluh belu,129.704,31.00003422,0.1,1.2,1,0,2,0
ZIN0309,tumis bayem belu,276.144,66.00007286,0.7,0.9,2,17,33,0
ZIN0310,tomat masak,87.864,21.00002318,0.9,4.6,19,9,5,0
ZIN0311,tumis pucuk labu waluh belu,188.28,45.00004968,0.1,0.5,3,3,15,0
ZIN0312,tumis daun singkong belu,196.648,47.00005189,3,5.8,26,9,169,0
ZIN0313,tumis kangkung belu,384.928,92.00010157,2.2,2,24,15,70,0
ZIN0314,tumis selada air belu,815.88,195.0002153,0.4,0.8,2,4,8,0
ZIN0315,tumis kacang panjang belu,87.864,21.00002318,0.7,2.8,4,1,17,0
ZIN0316,tumis selada air kangkung,221.752,53.00005851,0.9,1.5,5,7,20,0
ZIN0317,tumis sawi,117.152,28.00003091,1.7,1.6,19,12,55,0
ZIN0318,tumis terong belu,100.416,24.0000265,0.7,5.7,1,3,5,0
ZIN0319,blusdru,83.68,20.00002208,0.9,4.3,6,1,27,0
ZIN0320,uceng,351.456,84.00009274,5.4,15.6,14,3,27,0
ZIN0321,waluh kuning mentah,83.68,20.00002208,0.5,4.4,5,1,7,0
ZIN0322,waluh beligo,83.68,20.00002208,0.9,4.3,6,1,27,0
ZIN0323,buncis mentah,146.44,35.00003864,1.9,7.9,10,3,46,0
ZIN0324,bunga bawang merah,87.864,21.00002318,1.2,5,7,6,20,0
ZIN0325,bunga krandan,87.864,21.00002318,1.2,5,7,6,20,0
ZIN0326,cabe merah,112.968,27.00002981,1,5.8,146,15,9,0
ZIN0327,cabe rawit,1330.512,318.0003511,12,56.6,76,30,148,0
ZIN0328,cesim,62.76,15.00001656,2.3,2.1,25,16,74,0
ZIN0329,curing / kenikir,83.68,20.00002208,1.1,4.4,27,29,137,0
ZIN0330,daun bawang,87.864,21.00002318,1.2,5,7,6,20,0
ZIN0331,daun bawang merah,87.864,21.00002318,1.2,5,7,6,20,0
ZIN0332,daun beluntas mentah,83.68,20.00002208,1.1,4.4,27,29,137,0
ZIN0333,daun gambas mentah,154.808,37.00004085,3.7,7.3,33,11,211,0
ZIN0334,daun jambu mete muda,154.808,37.00004085,3.7,7.3,33,11,211,0
ZIN0335,daun kacang panjang,154.808,37.00004085,3.7,7.3,33,11,211,0
ZIN0336,daun katuk mentah,251.04,60.00006624,5.3,11.2,31,9,151,0
ZIN0337,daun kecipir mentah,62.76,15.00001656,2.3,2.1,25,16,74,0
ZIN0338,daun kelor mentah,251.04,60.00006624,5.3,11.2,31,9,151,0
ZIN0339,daun kemangi mentah,87.864,21.00002318,1.2,5,7,6,20,0
ZIN0340,daun koro,62.76,15.00001656,2.3,2.1,25,16,74,0
ZIN0341,daun labu siam mentah,62.76,15.00001656,2.3,2.1,25,16,74,0
ZIN0342,daun labu waluh mentah,62.76,15.00001656,2.3,2.1,25,16,74,0
ZIN0343,daun lompong,154.808,37.00004085,3.7,7.3,33,11,211,0
ZIN0344,daun mangkokan mentah,62.76,15.00001656,2.3,2.1,25,16,74,0
ZIN0345,daun melinjo mentah,154.808,37.00004085,3.7,7.3,33,11,211,0
ZIN0346,daun pepaya,251.04,60.00006624,5.3,11.2,31,9,151,0
ZIN0347,daun singgrang,83.68,20.00002208,1.1,4.4,27,29,137,0
ZIN0348,daun singkong mentah,154.808,37.00004085,3.7,7.3,33,11,211,0
ZIN0349,daun tales,154.808,37.00004085,3.7,7.3,33,11,211,0
ZIN0350,daun tlepok,62.76,15.00001656,2.3,2.1,25,16,74,0
ZIN0351,daun ubi jalar,62.76,15.00001656,2.3,2.1,25,16,74,0
ZIN0352,gambas / oyong mentah,83.68,20.00002208,0.9,4.3,6,1,27,0
ZIN0353,genjer / bengok,87.864,21.00002318,1.2,5,7,6,20,0
ZIN0354,gundho,62.76,15.00001656,2.3,2.1,25,16,74,0
ZIN0355,jamur coklat mentah,112.968,27.00002981,2.2,5.1,4,2,6,0
ZIN0356,jamur kuping segar,112.968,27.00002981,2.2,5.1,4,2,6,0
ZIN0357,jamur putih mentah,112.968,27.00002981,2.2,5.1,4,2,6,0
ZIN0358,jamur so,112.968,27.00002981,2.2,5.1,4,2,6,0
ZIN0359,jantung pisang segar,87.864,21.00002318,1.2,5,7,6,20,0
ZIN0360,kangkung,62.76,15.00001656,2.3,2.1,25,16,74,0
ZIN0361,kangkung mentah,62.76,15.00001656,2.3,2.1,25,16,74,0
ZIN0362,kembang kool mentah,104.6,25.0000276,1.4,5.4,32,18,47,0
ZIN0363,kembang turi mentah,87.864,21.00002318,1.2,5,7,6,20,0
ZIN0364,ketimun mentah,54.392,13.00001435,0.7,2.8,5,2,14,0
ZIN0365,kool merah / putih mentah,92.048,22.00002429,1,4.5,20,8,31,0
ZIN0366,krai / mentimun,54.392,13.00001435,0.7,2.8,5,2,14,0
ZIN0367,kuah daging ayam belu,309.616,74.0000817,7,0,0,19,3,21
ZIN0368,kuah oseng bayem belu,87.864,21.00002318,0.5,0.5,6,4,16,0
ZIN0369,kuah sayur kangkung belu,20.92,5.00000552,0.8,0.7,9,5,25,0
ZIN0370,kuah sayur sawi belu,29.288,7.000007728,0.8,1.1,10,6,25,0
ZIN0371,labu air mentah,83.68,20.00002208,0.9,4.3,6,1,27,0
ZIN0372,labu kuning,163.176,39.00004306,0.9,8.8,10,1,14,0
ZIN0373,labu siam mentah,83.68,20.00002208,0.9,4.3,6,1,27,0
ZIN0374,lobak mentah,54.392,13.00001435,0.7,2.8,5,2,14,0
ZIN0375,lompong pari mentah,62.76,15.00001656,2.3,2.1,25,16,74,0
ZIN0376,loncang,87.864,21.00002318,1.2,5,7,6,20,0
ZIN0377,pare pahit mentah,83.68,20.00002208,0.9,4.3,6,1,27,0
ZIN0378,pare ulo mentah,83.68,20.00002208,0.9,4.3,6,1,27,0
ZIN0379,pepes jamur,112.968,27.00002981,2.2,5.1,4,2,6,0
ZIN0380,rebung mentah,54.392,13.00001435,1,2.1,4,9,19,0
ZIN0381,rebus daun lettuce belu,1225.912,293.0003235,6.7,62.1,1,30,10,0
ZIN0382,rebus daun singkong belu,33.472,8.000008832,0.8,1.6,7,2,46,0
ZIN0383,sambal tomat belu,259.408,62.00006845,1,4.9,12,8,5,0
ZIN0384,sambal tomato and daging kuda belu,234.304,56.00006182,8,2.3,10,20,7,17
ZIN0385,santan daun ubu /campur daun pepaya bel,121.336,29.00003202,1.6,3.5,13,5,85,0
ZIN0386,sate kentang,389.112,93.00010267,2,21.6,13,5,5,0
ZIN0387,sawi hijau,62.76,15.00001656,2.3,2.1,25,16,74,0
ZIN0388,sawi putih mentah,62.76,15.00001656,2.3,2.1,25,16,74,0
ZIN0389,sayur asem,205.016,49.0000541,1.8,5.7,13,5,37,0
ZIN0390,sayur bayem,50.208,12.00001325,1.5,1.9,5,35,68,0
ZIN0391,sayur bayem jagung,154.808,37.00004085,1.6,8.3,4,19,28,0
ZIN0392,sayur bayem wortel,79.496,19.00002098,1,4.1,3,35,37,0
ZIN0393,sayur bening campur,138.072,33.00003643,1.2,7.5,3,24,20,0
ZIN0394,sayur buah kelor,104.6,25.0000276,0.3,6.3,5,2,10,0
ZIN0395,sayur caisin,46.024,11.00001214,0.5,2.3,10,4,16,0
ZIN0396,sayur cokka-cokka,46.024,11.00001214,0.5,2.3,10,4,16,0
ZIN0397,sayur daun kelor,33.472,8.000008832,1.2,1.1,13,8,37,0
ZIN0398,sayur daun singkong,259.408,62.00006845,1.9,3.7,17,6,106,0
ZIN0399,sayur gambas,125.52,30.00003312,0.1,7.7,3,0,4,0
ZIN0400,sayur gulai daging,1230.096,294.0003246,17.6,3.4,1,39,27,61
ZIN0401,sayur jantung pisang belu,46.024,11.00001214,0.6,2.5,4,3,10,0
ZIN0402,sayur kangkung,46.024,11.00001214,1.6,1.5,18,11,52,0
ZIN0403,sayur katuk,50.208,12.00001325,1.7,1.7,23,12,52,0
ZIN0404,sayur labu,58.576,14.00001546,0.5,2.3,3,1,14,0
ZIN0405,sayur lodeh,234.304,56.00006182,1.9,6,13,5,38,0
ZIN0406,sayur nangka belu,276.144,66.00007286,1.3,8.7,4,4,17,0
ZIN0407,sayur sop,435.136,104.0001148,1.8,10.5,3,28,23,0
ZIN0408,sayur sop daging cincang wortel,276.144,66.00007286,6.5,5.8,0,22,7,14
ZIN0409,sayur sop macaroni,531.368,127.0001402,6.5,10.5,2,16,16,8
ZIN0410,sayur soun,405.848,97.00010709,4,7.2,1,3,14,0
ZIN0411,selada air mentah,154.808,37.00004085,3.7,7.3,33,11,211,0
ZIN0412,selada mentah,54.392,13.00001435,1,2.1,4,9,19,0
ZIN0413,seledri,54.392,13.00001435,1,2.1,4,9,19,0
ZIN0414,semur kentang,493.712,118.0001303,8.9,15.4,3,26,6,21
ZIN0415,sup a,1255.2,300.0003312,10,0.5,0,0,0,0
ZIN0416,sup b,1464.4,350.0003864,5,0.4,0,0,0,0
ZIN0417,telur ceplok,799.144,191.0002109,12,1,0,118,48,403
ZIN0418,telur dadar,782.408,187.0002064,11.5,1.2,0,114,51,382
ZIN0419,telur goreng,799.144,191.0002109,12,1,0,118,48,403
ZIN0420,telur asin,648.52,155.0001711,12.6,1.1,0,124,50,424
ZIN0421,telur ayam,648.52,155.0001711,12.6,1.1,0,124,50,424
ZIN0422,telur ayam bagian kuning,1163.152,278.0003069,19.2,2.3,0,219,96,1326
ZIN0423,telur burung sawah,774.04,185.0002042,12.8,1.5,0,146,64,884
ZIN0424,telur ayam bagian putih,209.2,50.0000552,10.5,1,0,164,6,0
ZIN0425,telur itik dadar,1133.864,271.0002992,12.8,1.5,0,146,64,884
ZIN0426,telur itik bagian putih,209.2,50.0000552,10.5,1,0,164,6,0
ZIN0427,telur ikan,681.992,163.00018,19.8,0.8,0,108,62,463
ZIN0428,telur itik / bebek mentah,774.04,185.0002042,12.8,1.5,0,146,64,884
ZIN0429,telur itik bagian kuning,2355.592,563.0006216,25.7,3,0,352,130,1824
ZIN0430,telur puyuh,774.04,185.0002042,12.8,1.5,0,146,64,884
ZIN0431,telur penyu,648.52,155.0001711,12.6,1.1,0,124,50,424
ZIN0432,telur merpati,774.04,185.0002042,12.8,1.5,0,146,64,884
ZIN0433,telur puyuh,774.04,185.0002042,12.8,1.5,0,146,64,884
ZIN0434,telur menthok,774.04,185.0002042,12.8,1.5,0,146,64,884
ZIN0435,telur orak arik,711.28,170.0001877,10.4,2.4,4,92,51,298
ZIN0436,tepung susu,1941.376,464.0005123,21.6,51.6,37,320,770,25
ZIN0437,tepung susu neslac 2,1941.376,464.0005123,21.6,51.6,37,320,770,25
ZIN0438,tepung susu sgm 2,1941.376,464.0005123,21.6,51.6,37,320,770,25
ZIN0439,tepung susu skim,1539.712,368.0004063,35.7,51.5,11,546,1292,21
ZIN0440,tepung susu lactona 2,1941.376,464.0005123,21.6,51.6,37,320,770,25
ZIN0441,tepung susu asam,2108.736,504.0005564,25.6,37.6,8,399,981,109
ZIN0442,minuman susu ultra / ultra milk,276.144,66.00007286,3.2,4.8,1,55,115,14
ZIN0443,sayur telur,631.784,151.0001667,11.1,2.7,5,107,47,360
ZIN0444,susu kambing,288.696,69.00007618,3.6,4.5,1,50,134,11
ZIN0445,susu kental manis,1338.88,320.0003533,7.8,54.5,2,122,300,33
ZIN0446,susu sapi,276.144,66.00007286,3.2,4.8,1,55,115,14
ZIN0447,susu segar,276.144,66.00007286,3.2,4.8,1,55,115,14
ZIN0448,susu skim / tak berlemak cair,146.44,35.00003864,3.4,4.9,1,52,123,2
ZIN0449,abon,1317.96,315.0003478,55.1,0,0,118,10,131
ZIN0450,ampal,1146.416,274.0003025,18.2,2,2,55,90,75
ZIN0451,ati ayam,656.888,157.0001733,24.4,0.9,23,51,14,631
ZIN0452,ayam,1192.44,285.0003146,26.9,0,0,73,13,79
ZIN0453,babat,347.272,83.00009163,14.5,0,0,31,3,35
ZIN0454,bakso bihun,1548.08,370.0004085,23.5,0.1,0,55,6,104
ZIN0455,bakso pentol,1548.08,370.0004085,23.5,0.1,0,55,6,104
ZIN0456,usus menthok,393.296,94.00010378,14.1,0,0,30,3,35
ZIN0457,uthi-uthi mentah,1146.416,274.0003025,18.2,2,2,55,90,75
ZIN0458,usus ayam,393.296,94.00010378,14.1,0,0,30,3,35
ZIN0459,usus itik,393.296,94.00010378,14.1,0,0,30,3,35
ZIN0460,buras,1192.44,285.0003146,26.9,0,0,73,13,79
ZIN0461,buras daging kentang,2071.08,495.0005465,1,10.8,7,3,3,34
ZIN0462,corned beef,1125.496,269.000297,24.9,0,0,1215,5,75
ZIN0463,daging ayam,1192.44,285.0003146,26.9,0,0,73,13,79
ZIN0464,daging ayam bagian kaki,845.168,202.000223,11.4,0,0,35,7,50
ZIN0465,daging ayam bagian kepala,619.232,148.0001634,14,0,0,38,7,41
ZIN0466,daging ayam bagian paha,895.376,214.0002363,20.2,0,0,55,10,59
ZIN0467,daging ayam bagian sayap,619.232,148.0001634,14,0,0,38,7,41
ZIN0468,daging biawak mentah,548.104,131.0001446,26.8,0,0,56,15,61
ZIN0469,daging blekok / kuntul,1410.008,337.000372,19,0,0,59,11,84
ZIN0470,daging burung bagian kepala,619.232,148.0001634,14,0,0,38,7,41
ZIN0471,daging burung mentah,1410.008,337.000372,19,0,0,59,11,84
ZIN0472,daging domba,1125.496,269.000297,24.9,0,0,53,4,75
ZIN0473,daging itik bagian kepala,732.2,175.0001932,9.9,0,0,31,6,44
ZIN0474,daging itik bagian paha,1058.552,253.0002793,14.3,0,0,44,8,63
ZIN0475,daging itik bagian sayap,732.2,175.0001932,9.9,0,0,31,6,44
ZIN0476,daging itik/bebek,1410.008,337.000372,19,0,0,59,11,84
ZIN0477,daging kambing,1125.496,269.000297,24.9,0,0,53,4,75
ZIN0478,daging kelelawar,1125.496,269.000297,24.9,0,0,53,4,75
ZIN0479,daging kerbau,548.104,131.0001446,26.8,0,0,56,15,61
ZIN0480,daging menthok,1410.008,337.000372,19,0,0,59,11,84
ZIN0481,daging menthok bagian kaki,1410.008,337.000372,19,0,0,59,11,84
ZIN0482,daging menthok bagian kepala,732.2,175.0001932,9.9,0,0,31,6,44
ZIN0483,daging menthok bagian sayap,732.2,175.0001932,9.9,0,0,31,6,44
ZIN0484,daging merpati,870.272,208.0002296,28.1,0,0,68,26,82
ZIN0485,daging puyuh,870.272,208.0002296,28.1,0,0,68,26,82
ZIN0486,daging sapi,1125.496,269.000297,24.9,0,0,53,4,75
ZIN0487,daging tupai,694.544,166.0001833,29,0,0,62,5,69
ZIN0488,dendeng sapi,4506.168,1077.001189,103.3,0,0,220,18,305
ZIN0489,dideh ayam,606.68,145.0001601,25.1,0,50,57,12,347
ZIN0490,dideh itik,485.344,116.0001281,20.1,0,40,46,10,278
ZIN0491,dideh kambing,485.344,116.0001281,20.1,0,40,46,10,278
ZIN0492,dideh kerbau,485.344,116.0001281,20.1,0,40,46,10,278
ZIN0493,dideh sapi,606.68,145.0001601,25.1,0,50,57,12,347
ZIN0494,hati ayam,656.888,157.0001733,24.4,0.9,23,51,14,631
ZIN0495,hati biawak,673.624,161.0001777,24.4,3.4,15,70,7,389
ZIN0496,hati burung,656.888,157.0001733,24.4,0.9,23,51,14,631
ZIN0497,hati itik,656.888,157.0001733,24.4,0.9,23,51,14,631
ZIN0498,hati itik bacem,656.888,157.0001733,24.4,0.9,23,51,14,631
ZIN0499,hati kerbau,673.624,161.0001777,24.4,3.4,15,70,7,389
ZIN0500,hati menthok,656.888,157.0001733,24.4,0.9,23,51,14,631
ZIN0501,hati merpati,656.888,157.0001733,24.4,0.9,23,51,14,631
ZIN0502,hati sapi,673.624,161.0001777,24.4,3.4,15,70,7,389
ZIN0503,iso sapi mentah usus,393.296,94.00010378,14.1,0,0,30,3,35
ZIN0504,jangkrik,1146.416,274.0003025,18.2,2,2,55,90,75
ZIN0505,jantung ayam mentah,694.544,166.0001833,29,0,0,62,5,69
ZIN0506,jantung itik,694.544,166.0001833,29,0,0,62,5,69
ZIN0507,jantung menthok,694.544,166.0001833,29,0,0,62,5,69
ZIN0508,jantung merpati,694.544,166.0001833,29,0,0,62,5,69
ZIN0509,jerohan ayam,393.296,94.00010378,14.1,0,0,30,3,35
ZIN0510,jerohan menthok,393.296,94.00010378,14.1,0,0,30,3,35
ZIN0511,kaldu ayam,33.472,8.000008832,0.5,0.8,0,560,2,0
ZIN0512,kikil kambing mentah,292.88,70.00007728,6.5,0,0,14,1,20
ZIN0513,kodok hijau,410.032,98.00010819,20.1,0,0,42,11,46
ZIN0514,kuah daging kambing belu,62.76,15.00001656,1,0,0,2,0,3
ZIN0515,kulit daging itik,1410.008,337.000372,19,0,0,59,11,84
ZIN0516,laron,1146.416,274.0003025,18.2,2,2,55,90,75
ZIN0517,limfa ayam,606.68,145.0001601,25.1,0,50,57,12,347
ZIN0518,limfa sapi,606.68,145.0001601,25.1,0,50,57,12,347
ZIN0519,otak,669.44,160.0001766,11.1,0,1,120,9,2054
ZIN0520,otak ayam,669.44,160.0001766,11.1,0,1,120,9,2054
ZIN0521,rambak mentah,1594.104,381.0004206,24.1,0,0,51,4,87
ZIN0522,rempelo ayam,694.544,166.0001833,29,0,0,62,5,69
ZIN0523,rempelo burung,694.544,166.0001833,29,0,0,62,5,69
ZIN0524,rempelo itik,694.544,166.0001833,29,0,0,62,5,69
ZIN0525,rempelo menthok,694.544,166.0001833,29,0,0,62,5,69
ZIN0526,rempelo merpati,694.544,166.0001833,29,0,0,62,5,69
ZIN0527,sate ayam,1313.776,314.0003467,25.6,0,0,69,12,75
ZIN0528,sate cekek,1694.52,405.0004471,22.9,0,0,48,4,83
ZIN0529,sayur sop ayam,301.248,72.00007949,5.9,3.4,4,23,14,16
ZIN0530,semur daging,924.664,221.000244,11.1,15.5,16,13,61,0
ZIN0531,semur daging ayam belu,1920.456,459.0005067,10.8,0,0,29,5,32
ZIN0532,tawon muda (kangsen),1192.44,285.0003146,15,8,3,13,18,71
ZIN0533,baso somay,870.272,208.0002296,3.7,45.7,0,6,5,4
ZIN0534,bedhek,242.672,58.00006403,8.1,2.5,0,125,11,19
ZIN0535,belut segar mentah,468.608,112.0001236,21.4,0,0,55,48,33
ZIN0536,telur ikan lele,681.992,163.00018,19.8,0.8,0,108,62,463
ZIN0537,telur ikan kating,681.992,163.00018,19.8,0.8,0,108,62,463
ZIN0538,telur ikan gabus,681.992,163.00018,19.8,0.8,0,108,62,463
ZIN0539,telur ikan luthok mentah,681.992,163.00018,19.8,0.8,0,108,62,463
ZIN0540,telur ikan bethik mentah,681.992,163.00018,19.8,0.8,0,108,62,463
ZIN0541,tepung ikan teri,1569,375.000414,65.6,0,0,349,1904,64
ZIN0542,terasi merah,439.32,105.0001159,18.5,0,1,824,12,72
ZIN0543,tumis ikan teri,422.584,101.0001115,14.8,0,1,40,9,58
ZIN0544,undur-undur,221.752,53.00005851,11.4,0,1,39,7,28
ZIN0545,udang segar,330.536,79.00008722,16.7,0,2,179,31,156
ZIN0546,udang kering,1280.304,306.0003378,66.4,0,0,227,41,160
ZIN0547,cakalang,439.32,105.0001159,18.5,0,1,50,11,72
ZIN0548,cumi-cumi segar,615.048,147.0001623,25,5,7,70,51,373
ZIN0549,hati ikan bojor,656.888,157.0001733,24.4,0.9,23,51,14,631
ZIN0550,ikan asin belanak,1025.08,245.0002705,53.1,0,0,2893,36,128
ZIN0551,ikan asin bilis,1025.08,245.0002705,53.1,0,0,2893,36,128
ZIN0552,ikan asin gabus,1025.08,245.0002705,53.1,0,0,2893,36,128
ZIN0553,ikan asin goreng,677.808,162.0001788,13,0,1,35,8,50
ZIN0554,ikan asin japuh,665.256,159.0001755,16.3,0,0,2072,28,40
ZIN0555,ikan asin juwi,1025.08,245.0002705,53.1,0,0,2893,36,128
ZIN0556,ikan asin kacangan,351.456,84.00009274,18.2,0,1,1998,13,44
ZIN0557,ikan asin kembung,468.608,112.0001236,21.4,0,0,1991,50,33
ZIN0558,ikan asin kering,1280.304,306.0003378,66.4,0,0,2938,44,160
ZIN0559,ikan asin layur,351.456,84.00009274,18.2,0,1,1998,13,44
ZIN0560,ikan asin pari,351.456,84.00009274,18.2,0,1,62,11,44
ZIN0561,ikan asin pepetek,351.456,84.00009274,14.8,0,1,1976,11,58
ZIN0562,ikan asin selar,677.808,162.0001788,22.9,0,2,2774,55,84
ZIN0563,ikan asin serinding,351.456,84.00009274,18.2,0,1,1998,13,44
ZIN0564,ikan asin terbang,351.456,84.00009274,18.2,0,1,1998,13,44
ZIN0565,ikan asin teri,1401.64,335.0003698,58.6,0,0,1861,1702,57
ZIN0566,ikan asin terongan,1025.08,245.0002705,53.1,0,0,2893,36,128
ZIN0567,ikan asin wader / memreng,1025.08,245.0002705,53.1,0,0,2893,36,128
ZIN0568,ikan awu-awu bakar,309.616,74.0000817,13,0,1,35,8,50
ZIN0569,ikan baleng segar,468.608,112.0001236,21.4,0,0,55,48,33
ZIN0570,ikan bambangan,439.32,105.0001159,22.8,0,1,78,14,55
ZIN0571,ikan bandeng,351.456,84.00009274,14.8,0,1,40,9,58
ZIN0572,ikan banyara goreng,677.808,162.0001788,13,0,1,35,8,50
ZIN0573,ikan banyara sedang mentah,221.752,53.00005851,9.3,0,1,25,6,36
ZIN0574,ikan bawal,351.456,84.00009274,18.2,0,1,62,11,44
ZIN0575,ikan belanak,351.456,84.00009274,14.8,0,1,40,9,58
ZIN0576,ikan bethik,351.456,84.00009274,18.2,0,1,62,11,44
ZIN0577,ikan bojor segar,351.456,84.00009274,18.2,0,1,62,11,44
ZIN0578,ikan boso mentah,468.608,112.0001236,21.4,0,0,55,48,33
ZIN0579,ikan cepa-cepa goreng,677.808,162.0001788,13,0,1,35,8,50
ZIN0580,ikan cue,309.616,74.0000817,13,0,1,35,8,50
ZIN0581,ikan cumi basah goreng,1138.048,272.0003003,26,12.6,7,71,53,373
ZIN0582,ikan dares mentah,468.608,112.0001236,21.4,0,0,55,48,33
ZIN0583,ikan gabus kering,1025.08,245.0002705,53.1,0,0,182,33,128
ZIN0584,ikan gabus segar,351.456,84.00009274,18.2,0,1,62,11,44
ZIN0585,ikan goreng,669.44,160.0001766,13,0,1,35,8,50
ZIN0586,ikan hiu,585.76,140.0001546,26.7,0,0,69,60,41
ZIN0587,ikan jempol,585.76,140.0001546,26.7,0,0,69,60,41
ZIN0588,ikan juwi,221.752,53.00005851,11.4,0,1,39,7,28
ZIN0589,ikan kacangan,351.456,84.00009274,18.2,0,1,62,11,44
ZIN0590,ikan kacap,1058.552,253.0002793,13.5,0.3,1,314,9,50
ZIN0591,ikan kakap,351.456,84.00009274,18.2,0,1,62,11,44
ZIN0592,ikan kating,665.256,159.0001755,16.3,0,0,136,26,40
ZIN0593,ikan kembung,468.608,112.0001236,21.4,0,0,55,48,33
ZIN0594,ikan kembung goreng,845.168,202.000223,16,0,1,44,36,59
ZIN0595,ikan kiper mentah,351.456,84.00009274,14.8,0,1,40,9,58
ZIN0596,ikan kuah rebus belu,221.752,53.00005851,9.3,0,1,25,6,36
ZIN0597,ikan lawes,351.456,84.00009274,14.8,0,1,40,9,58
ZIN0598,ikan layang,343.088,82.00009053,17.8,0,1,61,11,43
ZIN0599,ikan lele,351.456,84.00009274,14.8,0,1,40,9,58
ZIN0600,ikan lele dumbo,665.256,159.0001755,16.3,0,0,136,26,40
ZIN0601,ikan lemuru,468.608,112.0001236,21.4,0,0,55,48,33
ZIN0602,ikan lukas mentah,585.76,140.0001546,26.7,0,0,69,60,41
ZIN0603,ikan luthok,665.256,159.0001755,16.3,0,0,136,26,40
ZIN0604,ikan mas bumbu kuning,912.112,218.0002407,16.7,2.9,2,47,60,59
ZIN0605,ikan mas goreng,845.168,202.000223,16,0,1,44,36,59
ZIN0606,ikan mas pepes,338.904,81.00008942,11.5,0,1,32,26,42
ZIN0607,ikan mas segar,543.92,130.0001435,18.3,0,2,50,42,67
ZIN0608,ikan merah kecil,1769.832,423.000467,58.6,0,0,312,1700,57
ZIN0609,ikan moto botor,468.608,112.0001236,21.4,0,0,55,48,33
ZIN0610,ikan mujair dendeng mentah,1401.64,335.0003698,58.6,0,0,312,1700,57
ZIN0611,ikan mujair segar,351.456,84.00009274,18.2,0,1,62,11,44
ZIN0612,ikan muntreng segar,468.608,112.0001236,21.4,0,0,55,48,33
ZIN0613,ikan pe,221.752,53.00005851,9.3,0,1,25,6,36
ZIN0614,ikan peda asin banjar,468.608,112.0001236,21.4,0,0,1991,50,33
ZIN0615,ikan peda banjar,468.608,112.0001236,21.4,0,0,1991,50,33
ZIN0616,ikan pepetek,351.456,84.00009274,14.8,0,1,40,9,58
ZIN0617,ikan pindang banjar,468.608,112.0001236,21.4,0,0,1991,50,33
ZIN0618,ikan pindang benggol,439.32,105.0001159,22.8,0,1,2789,17,55
ZIN0619,ikan pindang juwi,468.608,112.0001236,21.4,0,0,1991,50,33
ZIN0620,ikan pindang kembung,585.76,140.0001546,26.7,0,0,1618,62,41
ZIN0621,ikan pindang layang,439.32,105.0001159,22.8,0,1,2789,17,55
ZIN0622,ikan pindang layang goreng,1158.968,277.0003058,22.8,0,1,2789,17,55
ZIN0623,ikan pindang selar kecil,585.76,140.0001546,26.7,0,0,69,60,41
ZIN0624,ikan rebon kering,1280.304,306.0003378,66.4,0,0,227,41,160
ZIN0625,ikan rebon segar,330.536,79.00008722,16.7,0,2,179,31,156
ZIN0626,ikan salem segar,351.456,84.00009274,18.2,0,1,62,11,44
ZIN0627,ikan sasi segar,292.88,70.00007728,13.4,0,0,35,30,21
ZIN0628,ikan segar,410.032,98.00010819,18.1,0,0,48,28,45
ZIN0629,ikan selar kering,677.808,162.0001788,22.9,0,2,63,52,84
ZIN0630,ikan selar segar,468.608,112.0001236,21.4,0,0,55,48,33
ZIN0631,ikan sepat kering,1046,250.000276,29.5,0,0,780,660,170
ZIN0632,ikan sepat segar,543.92,130.0001435,18.3,0,2,50,42,67
ZIN0633,ikan sidat,790.776,189.0002087,19,0,0,52,21,129
ZIN0634,ikan surung,351.456,84.00009274,18.2,0,1,62,11,44
ZIN0635,ikan tawes/ bader,665.256,159.0001755,16.3,0,0,136,26,40
ZIN0636,ikan tempel mentah,351.456,84.00009274,14.8,0,1,40,9,58
ZIN0637,ikan tengiri,468.608,112.0001236,21.4,0,0,55,48,33
ZIN0638,ikan teri asin kering,1401.64,335.0003698,58.6,0,0,3023,1703,57
ZIN0639,ikan teri bubuk,1569,375.000414,65.6,0,0,349,1904,64
ZIN0640,ikan teri goreng belu,1761.464,421.0004648,58.6,0,0,312,1700,57
ZIN0641,ikan teri nasi kering,1401.64,335.0003698,58.6,0,0,312,1700,57
ZIN0642,ikan teri segar,468.608,112.0001236,21.4,0,0,55,48,33
ZIN0643,ikan teri tawar kering,1401.64,335.0003698,58.6,0,0,312,1700,57
ZIN0644,ikan terongan,468.608,112.0001236,21.4,0,0,55,48,33
ZIN0645,ikan tongkol,464.424,111.0001225,24,0,0,38,17,46
ZIN0646,ikan tongkol pindang,464.424,111.0001225,24,0,0,1974,19,46
ZIN0647,ikan wader,351.456,84.00009274,14.8,0,1,40,9,58
ZIN0648,ikan wedok,665.256,159.0001755,16.3,0,0,136,26,40
ZIN0649,ikan wedok kering,1121.312,268.0002959,46.9,0,0,250,1360,46
ZIN0650,kepiting air tawar / yuyu,376.56,90.00009936,16.9,0,1,166,30,153
ZIN0651,kepiting laut,364.008,87.00009605,16.5,1.2,2,177,29,145
ZIN0652,kerang,430.952,103.0001137,14.3,4.4,0,221,20,34
ZIN0653,samba goreng sarden belu,205.016,49.0000541,2.8,1.7,7,24,6,6
ZIN0654,sardines,1426.744,341.0003765,24.6,0,0,650,550,142
ZIN0655,sayur tude,556.472,133.0001468,18.8,0.4,7,54,56,67
ZIN0656,gajih ayam,3765.6,900.0009936,0,0,0,0,0,85
ZIN0657,gajih sapi,3773.968,902.0009958,0,0,0,0,0,109
ZIN0658,kethak,3606.608,862.0009516,0,0,0,0,0,0
ZIN0659,lemak kerbau,3585.688,857.0009461,0,0,0,0,0,104
ZIN0660,margarin,2661.024,636.0007021,0,0,0,0,0,0
ZIN0661,mentega,2970.64,710.0007838,0.2,0,0,221,6,207
ZIN0662,minyak gajih,3585.688,857.0009461,0,0,0,0,0,104
ZIN0663,minyak ikan,3765.6,900.0009936,0,0,0,0,0,85
ZIN0664,minyak kacang tanah,3698.656,884.0009759,0,0,0,0,0,0
ZIN0665,minyak kelapa,3606.608,862.0009516,0,0,0,0,0,0
ZIN0666,minyak kelapa sawit,3606.608,862.0009516,0,0,0,0,6,0
ZIN0667,minyak sayur (indomie dll),3606.608,862.0009516,0,0,0,0,0,0
ZIN0668,minyak wijen,3698.656,884.0009759,0,0,0,0,0,0
ZIN0669,santan,297.064,71.00007838,0.7,3,1,4,3,0
ZIN0670,agar agar 1 with coconut milk,644.336,154.00017,2.5,25.5,13,240,295,0
ZIN0671,agar agar 2 without coconut milk,405.848,97.00010709,1.9,23.1,13,236,293,0
ZIN0672,agar inaco with coconut milk,1221.728,292.0003224,2.5,25.5,13,240,295,0
ZIN0673,dhelco coklat stick,92.048,22.00002429,0.3,3.4,0,0,1,0
ZIN0674,es mambo/es lilin,292.88,70.00007728,0,18,0,0,0,0
ZIN0675,gula aren,1543.896,369.0004074,0.6,94.2,0,38,377,0
ZIN0676,gula batu,1619.208,387.0004272,0,99.9,0,1,1,0
ZIN0677,gula kelapa,1460.216,349.0003853,2.3,84.7,0,34,1252,0
ZIN0678,gula merah tebu belum dimurnikan,1573.184,376.0004151,0,97.3,0,39,85,0
ZIN0679,gula pasir,1619.208,387.0004272,0,99.9,0,1,1,0
ZIN0680,gula supra,1619.208,387.0004272,0,99.9,0,1,1,0
ZIN0681,kethak + gula,928.848,222.0002451,1,34.6,1,6,4,0
ZIN0682,madu,1271.936,304.0003356,0.3,82.4,1,4,6,0
ZIN0683,meises,1995.768,477.0005266,4.2,63.4,0,11,32,0
ZIN0684,miki jelly,644.336,154.00017,2.5,25.5,13,240,295,0
ZIN0685,mutiara,1460.216,349.0003853,2.3,84.7,0,34,1252,0
ZIN0686,permen,1619.208,387.0004272,0,99.9,0,1,1,0
ZIN0687,setrup / sirup,895.376,214.0002363,0,55.5,0,22,48,0
ZIN0688,tebu,108.784,26.0000287,0,6.8,0,3,6,0
ZIN0689,adonan kopi + gula pasir,1493.688,357.0003941,1.6,90.3,0,49,49,0
ZIN0690,air gula - belu,33.472,8.000008832,0,2,0,0,0,0
ZIN0691,teh manis belu,54.392,13.00001435,0,3.4,0,3,2,0
ZIN0692,daun cincau,138.072,33.00003643,2.5,5.3,10,23,48,0
ZIN0693,gula kopi,1493.688,357.0003941,1.6,90.3,0,49,49,0
ZIN0694,jamu,4.184,1.000001104,0.1,0.1,0,0,1,0
ZIN0695,jus alpukat susu,397.48,95.00010488,1.3,13,2,16,32,4
ZIN0696,jus anggur,221.752,53.00005851,0.1,13.8,2,0,2,0
ZIN0697,jus jeruk pepaya,213.384,51.0000563,0.2,13,18,1,8,0
ZIN0698,jus jeruk peras,347.272,83.00009163,0.2,21.8,11,1,5,0
ZIN0699,jus mannga,230.12,55.00006072,0.1,14.2,9,1,3,0
ZIN0700,jus melon,196.648,47.00005189,0.2,12.1,11,2,3,0
ZIN0701,jus papaya,200.832,48.00005299,0.2,12.4,16,1,6,0
ZIN0702,kopi (powder),539.736,129.0001424,6.5,25.8,0,194,194,0
ZIN0703,kopi bagian yang larut,836.8,200.0002208,10,40,0,300,300,0
ZIN0704,larutan gula and salt,79.496,19.00002098,0,5,0,0,0,0
ZIN0705,larutan oralit,79.496,19.00002098,0,5,0,0,0,0
ZIN0706,legen aren,154.808,37.00004085,0.1,9.4,0,4,37,0
ZIN0707,legen kelapa,146.44,35.00003864,0.2,8.5,0,3,125,0
ZIN0708,lemonade,175.728,42.00004637,0.1,10.9,5,0,3,0
ZIN0709,minuman anggur,292.88,70.00007728,0.2,1.4,0,8,8,0
ZIN0710,minuman buah vita,242.672,58.00006403,0,15,0,0,0,0
ZIN0711,minuman go go strawbery,242.672,58.00006403,0,15,0,0,0,0
ZIN0712,sprite fanta coca cola dll,171.544,41.00004526,0,10.4,0,4,3,0
ZIN0713,susu milo/ milo choklat,1619.208,387.0004272,10.8,65.8,99,160,385,13
ZIN0714,susu sgm (belu),79.496,19.00002098,0.9,2.1,1,13,31,1
ZIN0715,teh,209.2,50.0000552,0,10,0,150,100,0
ZIN0716,teh cap bunga mawar,209.2,50.0000552,0,10,0,150,100,0
ZIN0717,teh kotak,209.2,50.0000552,0,10,0,150,100,0
ZIN0718,teh kotak,209.2,50.0000552,0,10,0,150,100,0
ZIN0719,teh manis,54.392,13.00001435,0,3.2,0,3,2,0
ZIN0720,aci tusuk,1518.792,363.0004008,5.3,39.2,1,1,10,0
ZIN0721,agar-agar,0,0,0,0,0,0,0,0
ZIN0722,arafik,2204.968,527.0005818,3,59.7,0,4,5,0
ZIN0723,bakpau daging,1041.816,249.0002749,9.8,36.3,0,434,8,13
ZIN0724,bakso daging sapi,1548.08,370.0004085,23.5,0.1,0,55,6,104
ZIN0725,baso,1548.08,370.0004085,23.5,0.1,0,55,6,104
ZIN0726,baso goreng,1719.624,411.0004537,22.2,0,0,51,6,95
ZIN0727,baso kojak,811.696,194.0002142,5.9,38.4,1,3,8,3
ZIN0728,batagor,635.968,152.0001678,12.1,1.4,0,18,80,22
ZIN0729,bawang goreng,1518.792,363.0004008,5.3,39.2,1,1,10,0
ZIN0730,bika ambon,1071.104,256.0002826,7.8,38.9,28,78,61,398
ZIN0731,biscuit,2121.288,507.0005597,10.4,78,2,101,215,25
ZIN0732,biscuit astor,1870.248,447.0004935,7.5,73.7,1,51,111,13
ZIN0733,biscuit barry sandwich,1870.248,447.0004935,7.5,73.6,1,51,111,13
ZIN0734,biscuit big royal,1803.304,431.0004758,7.5,78.6,1,51,111,13
ZIN0735,biscuit big royal,1803.304,431.0004758,7.5,78.6,1,51,111,13
ZIN0736,biscuit bola bola,1870.248,447.0004935,7.5,73.6,1,51,111,13
ZIN0737,biscuit coklat burbon,1870.248,447.0004935,7.5,73.6,1,51,111,13
ZIN0738,biscuit coklat togo,1280.304,306.0003378,6.2,63.8,0,1,9,0
ZIN0739,biscuit crackers konghuan,1870.248,447.0004935,7.5,73.6,1,51,111,13
ZIN0740,biscuit cripsy crackers,1870.248,447.0004935,7.5,73.6,1,51,111,13
ZIN0741,biscuit famela,1870.248,447.0004935,7.5,73.6,1,51,111,13
ZIN0742,biscuit farley,1803.304,431.0004758,7.5,78.6,1,51,111,13
ZIN0743,biscuit gabin special selecta (mentega.,1870.248,447.0004935,7.5,73.6,1,51,111,13
ZIN0744,biscuit gem bunga (terigu. gula. tapiok,1870.248,447.0004935,7.5,73.6,1,51,111,13
ZIN0745,biscuit gloria,1870.248,447.0004935,7.5,73.6,1,51,111,13
ZIN0746,biscuit helti,1870.248,447.0004935,7.5,73.6,1,51,111,13
ZIN0747,biscuit interbis,1870.248,447.0004935,7.5,73.6,1,51,111,13
ZIN0748,biscuit isi kagang,2066.896,494.0005454,14,57.7,1,55,133,13
ZIN0749,biscuit kacang,2066.896,494.0005454,14,57.7,1,55,133,13
ZIN0750,biscuit kering/ bolu kering,866.088,207.0002285,4.4,42.9,0,22,12,72
ZIN0751,biscuit london,1870.248,447.0004935,7.5,73.6,1,51,111,13
ZIN0752,biscuit malkist crackers (tepung terigu,1870.248,447.0004935,7.5,73.6,1,51,111,13
ZIN0753,biscuit marie cba (tepung terigu. gula.,1870.248,447.0004935,7.5,73.6,1,51,111,13
ZIN0754,biscuit marie susu,1803.304,431.0004758,7.5,78.6,1,51,111,13
ZIN0755,biscuit mari-mari (tepung jagung. tepun,1489.504,356.000393,3.2,80.7,0,15,3,0
ZIN0756,biscuit mentega rp. 100,2092,500.000552,7.5,66.6,1,51,111,13
ZIN0757,biscuit milna,1803.304,431.0004758,7.5,78.6,1,51,111,13
ZIN0758,biscuit monde,1870.248,447.0004935,7.5,73.6,1,51,111,13
ZIN0759,biscuit panda-pandaan/bolu pangang,1075.288,257.0002837,9.6,30.1,2,23,10,26
ZIN0760,biscuit permen,3799.072,908.0010024,7.5,78.6,1,51,111,13
ZIN0761,biscuit piramid,1870.248,447.0004935,7.5,73.6,1,51,111,13
ZIN0762,biscuit queen sandwich (terigu. gula. m,1870.248,447.0004935,7.5,73.6,1,51,111,13
ZIN0763,biscuit regal,1803.304,431.0004758,7.5,78.6,1,51,111,13
ZIN0764,biscuit regal marie,1803.304,431.0004758,7.5,78.6,1,51,111,13
ZIN0765,biscuit roma,1803.304,431.0004758,7.5,78.6,1,51,111,13
ZIN0766,biscuit sitaba,1870.248,447.0004935,7.5,73.6,1,51,111,13
ZIN0767,biscuit stick,1803.304,431.0004758,7.5,78.6,1,51,111,13
ZIN0768,tempe goreng,1481.136,354.0003908,17.1,15.3,0,5,84,0
ZIN0769,tempe bacem,991.608,237.0002616,10.8,17.6,0,5,79,0
ZIN0770,tempe oreg/sayur tempe/sambal tempe,418.4,100.0001104,9.6,8.6,1,4,50,0
ZIN0771,biscuit sun,1870.248,447.0004935,7.5,73.6,1,51,111,13
ZIN0772,biscuit susana,1870.248,447.0004935,7.5,73.6,1,51,111,13
ZIN0773,biscuit tini wini biti,2334.672,558.000616,5.9,51,8,656,24,0
ZIN0774,ubi goreng,774.04,185.0002042,1.2,40.8,25,3,17,0
ZIN0775,brondong,2246.808,537.0005928,6.5,61.5,0,28,5,0
ZIN0776,uli goreng,1677.784,401.0004427,1.8,40.9,0,8,18,0
ZIN0777,uli kukus,786.592,188.0002076,2.2,35.5,0,3,4,0
ZIN0778,wafer coklat kero-kero rp.50 (terigu. g,1280.304,306.0003378,6.2,63.8,0,1,9,0
ZIN0779,wafer,1280.304,306.0003378,6.2,63.8,0,1,9,0
ZIN0780,vetsin,1439.296,344.0003798,86,0,0,13464,0,0
ZIN0781,wafer coklat pyramid,1280.304,306.0003378,6.2,63.8,0,1,9,0
ZIN0782,buah pala,1092.024,261.0002881,3.9,79.8,28,26,1228,0
ZIN0783,vanilli,292.88,70.00007728,0.2,1.4,0,8,8,0
ZIN0784,wafer interbis,1280.304,306.0003378,6.2,63.8,0,1,9,0
ZIN0785,wajik,786.592,188.0002076,2.2,35.5,0,3,4,0
ZIN0786,wingka/wingko,786.592,188.0002076,2.2,35.5,0,3,4,0
ZIN0787,bumbu sari mie indomie dll,1359.8,325.0003588,12.7,58.2,11,52,478,0
ZIN0788,cake,866.088,207.0002285,4.4,42.9,0,22,12,72
ZIN0789,cake wanderpan,866.088,207.0002285,4.4,42.9,0,22,12,72
ZIN0790,camel roll stick,92.048,22.00002429,0.3,3.4,0,0,1,0
ZIN0791,candy mentos mint,1619.208,387.0004272,0,99.9,0,1,1,0
ZIN0792,cantel,1677.784,401.0004427,1.8,40.9,0,8,18,0
ZIN0793,cendil/ondal-andil/cendol,317.984,76.0000839,0.1,18.3,0,2,0,0
ZIN0794,cheetos,2096.184,501.0005531,6,62.1,23,3,22,0
ZIN0795,chiki,2133.84,510.000563,5.9,62.9,0,0,8,0
ZIN0796,chiki balls/ boom snack/ guntar snack,2133.84,510.000563,5.9,62.9,0,0,8,0
ZIN0797,choki choki,92.048,22.00002429,0.3,3.4,0,0,1,0
ZIN0798,choklat,1995.768,477.0005266,4.2,63.4,0,11,32,0
ZIN0799,choklat eclair,1230.096,294.0003246,8.3,53.1,0,549,12,0
ZIN0800,choklat jelly,92.048,22.00002429,0.3,3.4,0,0,1,0
ZIN0801,cilok,1071.104,256.0002826,7.8,38.9,28,78,61,398
ZIN0802,cincau,4.184,1.000001104,0,0.2,0,3,2,0
ZIN0803,cingloy,907.928,217.0002396,7.8,28.9,28,78,61,398
ZIN0804,cireng,1518.792,363.0004008,5.3,39.2,1,1,10,0
ZIN0805,cireng/bakwan,2259.36,540.0005962,5.3,39.2,1,1,10,0
ZIN0806,coconut milk with kluwih muda belu,364.008,87.00009605,0.9,15.1,15,3,10,0
ZIN0807,coklat,1995.768,477.0005266,4.2,63.4,0,11,32,0
ZIN0808,coklat beng beng,2092,500.000552,7.5,66.6,1,51,111,13
ZIN0809,coklat cha-cha,2092,500.000552,7.5,66.6,1,51,111,13
ZIN0810,corn bose and kacang tanah,661.072,158.0001744,6.7,8.5,0,6,22,0
ZIN0811,cucur,1677.784,401.0004427,1.8,40.9,0,8,18,0
ZIN0812,daging ayam goreng,1389.088,332.0003665,26.2,3.7,0,70,14,75
ZIN0813,daging babi goreng,1263.568,302.0003334,26.2,0,0,59,24,86
ZIN0814,daging sapi rebus,1878.616,449.0004957,23.8,22.2,9,49,10,83
ZIN0815,daging telur,1121.312,268.0002959,18.4,0.6,0,88,27,256
ZIN0816,dodol garut,786.592,188.0002076,2.2,35.5,0,3,4,0
ZIN0817,dodol mannga,757.304,181.0001998,2.1,34.1,4,3,5,0
ZIN0818,dodongkal,786.592,188.0002076,2.2,35.5,0,3,4,0
ZIN0819,donat,1673.6,400.0004416,5.2,46.3,0,20,28,36
ZIN0820,donat,1673.6,400.0004416,5.2,46.3,0,20,28,36
ZIN0821,emping melinjo mentah,1389.088,332.0003665,15.4,64.5,0,5,163,0
ZIN0822,empon,1359.8,325.0003588,12.7,58.2,11,52,478,0
ZIN0823,es cuwing,234.304,56.00006182,2.9,12.5,20,24,35,0
ZIN0824,es dawet/cendol,125.52,30.00003312,0.1,6.1,0,1,0,0
ZIN0825,es krim solo,820.064,196.0002164,3.2,24.8,1,72,116,29
ZIN0826,es krim walls,820.064,196.0002164,3.2,24.8,1,72,116,29
ZIN0827,es miami,163.176,39.00004306,0,10,0,0,0,0
ZIN0828,es nong nong,200.832,48.00005299,0.6,9.1,0,3,1,0
ZIN0829,fruittella,1456.032,348.0003842,0,89.9,0,1,1,0
ZIN0830,fuji mie/mi instan/tiga putra,589.944,141.0001557,4.8,28.3,0,1,7,0
ZIN0831,fujimie (terigu. tapioka. garam. gula.,2096.184,501.0005531,6,62.1,23,3,22,0
ZIN0832,garam,0,0,0,0,0,38724,45,0
ZIN0833,garam kasar,0,0,0,0,0,38724,45,0
ZIN0834,geblek pati,2020.872,483.0005332,2.2,63.8,60,4,38,0
ZIN0835,geblog ubi,941.4,225.0002484,1.3,41.6,19,13,31,0
ZIN0836,gembong/jalabia,1677.784,401.0004427,1.8,40.9,0,8,18,0
ZIN0837,getuk,774.04,185.0002042,1.2,40.9,25,3,17,0
ZIN0838,getuk tiwul,3405.776,814.0008987,21.3,62,20,24,297,0
ZIN0839,gulai daging kambing belu,958.136,229.0002528,20.1,0.6,0,43,4,60
ZIN0840,gulasakarin,0,0,0,0,0,0,0,0
ZIN0841,hallo boy (terigu. tapioka. udang wijen,2096.184,501.0005531,6,62.1,23,3,22,0
ZIN0842,halus manis,1619.208,387.0004272,0,99.9,0,1,1,0
ZIN0843,hati ayam rebus belu,656.888,157.0001733,24.4,0.9,23,51,14,631
ZIN0844,hunkwe,213.384,51.0000563,1,9.4,7,117,85,0
ZIN0845,jagung rebus campur kagang hijau belu,66.944,16.00001766,0.6,3.6,1,2,1,0
ZIN0846,jahe,276.144,66.00007286,2.1,15.3,8,5,33,0
ZIN0847,jalabia,786.592,188.0002076,2.2,35.5,0,3,4,0
ZIN0848,jamu beras kencur,188.28,45.00004968,0.1,11.4,0,0,0,0
ZIN0849,jamu lempuyang,188.28,45.00004968,0.1,11.4,0,0,0,0
ZIN0850,jangung bose campur kacang hijau belu,66.944,16.00001766,0.6,3.7,1,2,1,0
ZIN0851,jelly,665.256,159.0001755,1.7,39.6,13,233,168,0
ZIN0852,jeruk,577.392,138.0001524,11.2,25.9,61,226,734,0
ZIN0853,kacang atom,2288.648,547.0006039,23.9,22.6,0,16,84,0
ZIN0854,kacang dadap,2506.216,599.0006613,23.2,14.5,0,16,83,0
ZIN0855,kacang garing rege,2297.016,549.0006061,23.2,24.5,0,16,83,0
ZIN0856,kacang shanghai,2506.216,599.0006613,23.2,14.5,0,16,83,0
ZIN0857,kacang sukro,2447.64,585.0006458,22.1,17,0,16,79,0
ZIN0858,kacang telur,2464.376,589.0006503,21.9,18.3,0,16,78,0
ZIN0859,karoket,949.768,227.0002506,3.6,13,8,8,3,9
ZIN0860,kayu manis,1092.024,261.0002881,3.9,79.8,28,26,1228,0
ZIN0861,kecap,251.04,60.00006624,10.5,5.6,0,5586,20,0
ZIN0862,kecap asin,163.176,39.00004306,0,10,0,0,0,0
ZIN0863,keluwek,1359.8,325.0003588,12.7,58.2,11,52,478,0
ZIN0864,kenji,2096.184,501.0005531,6,62.1,23,3,22,0
ZIN0865,keong mas,866.088,207.0002285,4.4,42.9,0,22,12,72
ZIN0866,kerupuk aci,1594.104,381.0004206,0.3,91.3,0,9,2,0
ZIN0867,kerupuk gaplek,1522.976,364.0004019,2.6,88.5,72,6,46,0
ZIN0868,kerupuk ikan berpati,1405.824,336.0003709,15.2,63.9,1,57,10,36
ZIN0869,kerupuk ketan putih,1594.104,381.0004206,0.3,91.3,0,9,2,0
ZIN0870,kerupuk legender,1259.384,301.0003323,2.5,73.4,69,5,44,0
ZIN0871,kerupuk singkong,1204.992,288.000318,2.4,70.2,66,4,42,0
ZIN0872,kerupuk singkong pedas,1204.992,288.000318,2.4,70.2,66,4,42,0
ZIN0873,kerupuk terigu mentah,1522.976,364.0004019,10.3,76.3,0,2,15,0
ZIN0874,kerupuk udang,2297.016,549.0006061,6.5,66.6,1,74,13,59
ZIN0875,kerupuk udang berpati,1502.056,359.0003963,17.3,66.6,2,191,33,160
ZIN0876,kerupuk upik singkong mentah,1313.776,314.0003467,2.6,76.6,72,5,46,0
ZIN0877,ketumbar halus,2589.896,619.0006834,25.9,62.9,11,72,544,0
ZIN0878,ketumbar kasar,1359.8,325.0003588,12.7,58.2,11,52,478,0
ZIN0879,ketupat,83.68,20.00002208,0.4,4.3,0,0,0,0
ZIN0880,koci,857.72,205.0002263,3.4,38.7,0,3,8,0
ZIN0881,kolang-kaling,811.696,194.0002142,0,50,0,1,1,0
ZIN0882,kopi made up (belu),8.368,2.000002208,0.1,0.4,0,3,3,0
ZIN0883,kopi susu (jagung. tepung beras. tapio,1489.504,356.000393,3.2,80.7,0,15,3,0
ZIN0884,kopi-kopi (jagung. tepung beras. tapiok,1489.504,356.000393,3.2,80.7,0,15,3,0
ZIN0885,koya,786.592,188.0002076,2.2,35.5,0,3,4,0
ZIN0886,krawu ubi,774.04,185.0002042,1.2,40.8,25,3,17,0
ZIN0887,krecek singkong mentah,1096.208,262.0002892,2.2,63.8,60,4,38,0
ZIN0888,krupuk aladin,2204.968,527.0005818,3,59.7,0,4,5,0
ZIN0889,krupuk asin,1824.224,436.0004813,7.2,70.4,0,2,11,0
ZIN0890,krupuk bala bala,2204.968,527.0005818,3,59.7,0,4,5,0
ZIN0891,krupuk bala bala,2204.968,527.0005818,3,59.7,0,4,5,0
ZIN0892,krupuk fuji (chips-chips),3430.88,820.0009053,8.9,110.7,8,660,29,0
ZIN0893,krupuk jantan (tapioka. udang.wijen. b,2100.368,502.0005542,2.2,68.8,60,4,38,0
ZIN0894,krupuk jazzy rp. 100 (ubi. bawang puti,2125.472,508.0005608,5.3,57.3,30,8,20,0
ZIN0895,krupuk makanan ringan sinbad,1489.504,356.000393,3.2,80.7,0,15,3,0
ZIN0896,krupuk mlarat,2204.968,527.0005818,3,59.7,0,4,5,0
ZIN0897,krupuk monas,2204.968,527.0005818,3,59.7,0,4,5,0
ZIN0898,krupuk pasir,2204.968,527.0005818,3,59.7,0,4,5,0
ZIN0899,krupuk raja udang bandeng,2204.968,527.0005818,3,59.7,0,4,5,0
ZIN0900,krupuk rambakl,2204.968,527.0005818,3,59.7,0,4,5,0
ZIN0901,krupuk sambal udang,2204.968,527.0005818,3,59.7,0,4,5,0
ZIN0902,krupuk tempe,1037.632,248.0002738,15.2,13.6,0,5,74,0
ZIN0903,krupuk tempe besar rp. 500,1037.632,248.0002738,15.2,13.6,0,5,74,0
ZIN0904,krupuk udang,2204.968,527.0005818,3,59.7,0,4,5,0
ZIN0905,krupuk yeye,2204.968,527.0005818,3,59.7,0,4,5,0
ZIN0906,kue bangke mentga,1958.112,468.0005167,1.8,44.3,1,14,8,18
ZIN0907,kue bapuk/bakpau,732.2,175.0001932,5.1,37.2,0,2,10,0
ZIN0908,kue baruasa,786.592,188.0002076,2.2,35.5,0,3,4,0
ZIN0909,kue bipan,849.352,203.0002241,2.5,39,0,3,4,0
ZIN0910,kue bolu,866.088,207.0002285,4.4,42.9,0,22,12,72
ZIN0911,kue bolu coklat bundar,866.088,207.0002285,4.4,42.9,0,22,12,72
ZIN0912,kue bolu gulung,866.088,207.0002285,4.4,42.9,0,22,12,72
ZIN0913,kue bolu kacang,987.424,236.0002605,4.1,47.2,0,4,10,0
ZIN0914,kue bolu kenari,866.088,207.0002285,4.4,42.9,0,22,12,72
ZIN0915,kue bolu kering,866.088,207.0002285,4.4,42.9,0,22,12,72
ZIN0916,kue bolu kukus,866.088,207.0002285,4.4,42.9,0,22,12,72
ZIN0917,kue bolu rp. 100,866.088,207.0002285,4.4,42.9,0,22,12,72
ZIN0918,kue cikak,728.016,174.0001921,3.8,38.3,0,1,7,0
ZIN0919,kue dadar,786.592,188.0002076,2.2,35.5,0,3,4,0
ZIN0920,kue dadar gulung,1209.176,289.0003191,5.7,48.3,1,21,15,56
ZIN0921,kue donat rp. 100,1673.6,400.0004416,5.2,46.3,0,20,28,36
ZIN0922,kue endog-endogan/onde- onde,1443.48,345.0003809,5.7,52.9,0,2,59,0
ZIN0923,kue gelangan/jalabria,1677.784,401.0004427,1.8,40.9,0,8,18,0
ZIN0924,kue gonjing/kue pancong,786.592,188.0002076,2.2,35.5,0,3,4,0
ZIN0925,kue jalankote,1046,250.000276,2.2,43.9,1,5,5,0
ZIN0926,kue jalankote (isinya saja),1552.264,371.0004096,1.7,57.6,2,11,8,0
ZIN0927,kue janda,786.592,188.0002076,2.2,35.5,0,3,4,0
ZIN0928,kue kambeng-kambeng,786.592,188.0002076,2.2,35.5,0,3,4,0
ZIN0929,kue kareri sala,786.592,188.0002076,2.2,35.5,0,3,4,0
ZIN0930,kue lapis,1686.152,403.0004449,5.7,44.3,0,32,17,106
ZIN0931,kue lapis legit,1686.152,403.0004449,5.7,44.3,0,32,17,106
ZIN0932,kue lemet,2104.552,503.0005553,2.2,69,60,4,38,0
ZIN0933,kue mangkok/cimplo/apem,786.592,188.0002076,2.2,35.5,0,3,4,0
ZIN0934,kue nagasari,774.04,185.0002042,2.1,39.9,7,2,7,0
ZIN0935,kue pancong,1209.176,289.0003191,4,38.4,1,8,9,0
ZIN0936,kue pati singkong goreng,1167.336,279.000308,3.5,39.4,0,2,56,0
ZIN0937,kue pia kac. ijo,949.768,227.0002506,4.2,52.2,0,8,13,21
ZIN0938,kue pisang ijo + kuah,1037.632,248.0002738,2.6,58.1,1,3,5,0
ZIN0939,kue pisang molen rp. 100,786.592,188.0002076,5.6,37.1,5,20,16,64
ZIN0940,kue putri salju,1209.176,289.0003191,4,38.4,1,8,9,0
ZIN0941,kue putu beras,786.592,188.0002076,2.2,35.5,0,3,4,0
ZIN0942,kue roko'-roko' unti rp. 50 (nagasari),619.232,148.0001634,1.7,30.6,4,2,5,0
ZIN0943,kue sakura,866.088,207.0002285,4.4,42.9,0,22,12,72
ZIN0944,kue telur gabus/kue kontol bebek,866.088,207.0002285,4.4,42.9,0,22,12,72
ZIN0945,kue timus,907.928,217.0002396,7.8,28.9,28,78,61,398
ZIN0946,kue uler-uleran,866.088,207.0002285,4.4,42.9,0,22,12,72
ZIN0947,kulit,2209.152,528.0005829,3,60,0,4,5,0
ZIN0948,kunci,1359.8,325.0003588,12.7,58.2,11,52,478,0
ZIN0949,kunyit,1359.8,325.0003588,12.7,58.2,11,52,478,0
ZIN0950,laos,1359.8,325.0003588,12.7,58.2,11,52,478,0
ZIN0951,lemper,786.592,188.0002076,2.2,35.5,0,3,4,0
ZIN0952,lemper bakar,828.432,198.0002186,4.7,32.1,0,10,5,8
ZIN0953,lengkuas,577.392,138.0001524,11.2,25.9,61,226,734,0
ZIN0954,lodeh tahu and tempe,347.272,83.00009163,4.9,4.8,3,6,40,0
ZIN0955,loder,79.496,19.00002098,0.5,3.2,8,1,11,0
ZIN0956,lontong,786.592,188.0002076,2.2,35.5,0,3,4,0
ZIN0957,lopis ketan,786.592,188.0002076,2.2,35.5,0,3,4,0
ZIN0958,lumpia,527.184,126.0001391,5,17.7,0,25,13,74
ZIN0959,martab ak kac abd meises?,1753.096,419.0004626,8.1,49.7,0,27,22,85
ZIN0960,martabak,1334.696,319.0003522,7.7,31,3,29,24,87
ZIN0961,martabak kacabd meises,1736.36,415.0004582,7.1,52.1,0,27,19,85
ZIN0962,merica,1359.8,325.0003588,12.7,58.2,11,52,478,0
ZIN0963,merica halus,1359.8,325.0003588,12.7,58.2,11,52,478,0
ZIN0964,milna,1619.208,387.0004272,14,78.1,3,130,315,5
ZIN0965,nagasari,891.192,213.0002352,2.5,33.5,7,6,9,0
ZIN0966,oncom goreng,1677.784,401.0004427,1.8,40.9,0,8,18,0
ZIN0967,onde onde,1167.336,279.000308,3.5,39.4,0,2,56,0
ZIN0968,onde onde singkong,1167.336,279.000308,3.5,39.4,0,2,56,0
ZIN0969,ongol-ongol,602.496,144.000159,0,36.2,0,8,16,0
ZIN0970,opak,2100.368,502.0005542,2.2,68.8,60,4,38,0
ZIN0971,opak kentang,2334.672,558.000616,5.9,51,8,656,24,0
ZIN0972,orog orog,774.04,185.0002042,1.2,40.8,25,3,17,0
ZIN0973,oseng oseng kool belu,476.976,114.0001259,0.5,2.3,10,4,16,0
ZIN0974,ote ote,866.088,207.0002285,4.4,42.9,0,22,12,72
ZIN0975,ovaltine (tepung),1418.376,339.0003743,9,79.9,2,88,219,3
ZIN0976,pandan,577.392,138.0001524,11.2,25.9,61,226,734,0
ZIN0977,papais,305.432,73.00008059,1.3,16.2,22,5,16,0
ZIN0978,pastel,1468.584,351.0003875,11.8,15.5,0,41,14,111
ZIN0979,pepes ampela,393.296,94.00010378,14.1,0,0,30,3,35
ZIN0980,pergedel kentang belu,1142.232,273.0003014,8.7,11.7,7,22,5,39
ZIN0981,perkedel jagung,598.312,143.0001579,7.3,13.9,3,26,4,39
ZIN0982,pipis/keyimus,774.04,185.0002042,1.2,40.8,25,3,17,0
ZIN0983,pisang goreng,661.072,158.0001744,0.9,17.5,6,1,4,0
ZIN0984,pisang molen,887.008,212.000234,1.6,18.2,4,2,5,4
ZIN0985,pop corn/lappo/benno,1840.96,440.0004858,6.9,65.4,0,30,5,0
ZIN0986,promina,1619.208,387.0004272,14,78.1,3,130,315,5
ZIN0987,rawon,866.088,207.0002285,4.4,42.9,0,22,12,72
ZIN0988,rengginang,1727.992,413.000456,6,71.5,0,0,8,0
ZIN0989,rengginang ketan putih mentah,707.096,169.0001866,3.1,37.2,0,0,4,0
ZIN0990,rengginang singkong mentah,1259.384,301.0003323,2.5,73.4,69,5,44,0
ZIN0991,risoles,1033.448,247.0002727,10.3,33.3,4,25,13,60
ZIN0992,salam,1154.784,276.0003047,22.4,51.7,122,452,1468,0
ZIN0993,sambal,426.768,102.0001126,3.8,18.1,24,10,47,0
ZIN0994,semprong,702.912,168.0001855,0.2,38.8,0,3,1,0
ZIN0995,sengkulun,786.592,188.0002076,2.2,35.5,0,3,4,0
ZIN0996,serabi,1677.784,401.0004427,1.8,40.9,0,8,18,0
ZIN0997,sereh,577.392,138.0001524,11.2,25.9,61,226,734,0
ZIN0998,siomay,297.064,71.00007838,9.5,4.5,3,26,6,35
ZIN0999,sirup ad plex,163.176,39.00004306,0,10,0,0,0,0
ZIN1000,sirup batuk,163.176,39.00004306,0,10,0,0,0,0
ZIN1001,sirup papasetamol,163.176,39.00004306,0,10,0,0,0,0
ZIN1002,slondok,2020.872,483.0005332,2.2,63.8,60,4,38,0
ZIN1003,snack anak mas,2096.184,501.0005531,6,62.1,23,3,22,0
ZIN1004,snack boiki,2204.968,527.0005818,3,59.7,0,4,5,0
ZIN1005,snack idola,866.088,207.0002285,4.4,42.9,0,22,12,72
ZIN1006,snack primarasa,2096.184,501.0005531,6,62.1,23,3,22,0
ZIN1007,snack rasa kelapa muda,2962.272,708.0007816,6.6,30.4,6,40,28,0
ZIN1008,snack super lipo (tapioka. gula. garam.,2100.368,502.0005542,2.2,68.8,60,4,38,0
ZIN1009,snack taro,2096.184,501.0005531,6,62.1,23,3,22,0
ZIN1010,snack taro/kenji snack top ten sn,2096.184,501.0005531,6,62.1,23,3,22,0
ZIN1011,snack tic tic makanan ringan/dora emon,2334.672,558.000616,5.9,51,8,656,24,0
ZIN1012,snack tuyul & mbak yul (jagung. garam.,1489.504,356.000393,3.2,80.7,0,15,3,0
ZIN1013,sun,1619.208,387.0004272,14,78.1,3,130,315,5
ZIN1014,tape goreng,2075.264,496.0005476,1.8,57.2,0,4,31,0
ZIN1015,tape ubi (poteng),1376.536,329.0003632,2.5,81.7,0,5,44,0
ZIN1016,air ikan cakalang,58.576,14.00001546,1,1.4,0,1019,4,1
ZIN1017,air ikan layang,58.576,14.00001546,1,1.4,0,1019,4,1
ZIN1018,air sayur,8.368,2.000002208,0.1,0.5,2,1,3,0
ZIN1019,air sayur + isi,16.736,4.000004416,0.2,0.9,4,2,6,0
ZIN1020,air sayur nangka,50.208,12.00001325,0.1,3.1,1,1,0,0
ZIN1021,air sayur sukun,50.208,12.00001325,0.1,3.1,1,1,0,0
ZIN1022,air tajin purworejo,79.496,19.00002098,0,5,0,0,0,0
ZIN1023,bubur ayam,665.256,159.0001755,5.1,28.6,0,7,4,8
ZIN1024,bubur beras bersantang purworejo,112.968,27.00002981,0.4,3.5,0,1,1,0
ZIN1025,bubur campur belu,313.8,75.0000828,1.4,16.5,2,1,2,0
ZIN1026,bubur cenil/bubur gintir/bubur candil,305.432,73.00008059,1.3,16,0,0,2,0
ZIN1027,bubur halus campur susu belu,443.504,106.000117,3.9,15.7,6,48,116,4
ZIN1028,bubur havermuth,259.408,62.00006845,2.6,10.8,0,1,8,0
ZIN1029,bubur kacang hijau belu,71.128,17.00001877,1.2,3.1,0,1,4,0
ZIN1030,bubur kacang hijau with coconut milk,585.76,140.0001546,3.1,24.7,0,10,259,0
ZIN1031,bubur kacang ijo and beras merah,472.792,113.0001248,3,24.8,0,1,8,0
ZIN1032,bubur kacang ijo nestle,1732.176,414.0004571,14.2,65.8,19,160,389,13
ZIN1033,bubur kacang ijo with sugar and water,309.616,74.0000817,2.3,16.2,0,1,7,0
ZIN1034,bubur ketan hitam,635.968,152.0001678,1.1,30.1,0,2,3,0
ZIN1035,bubur lunac belu,150.624,36.00003974,0.7,8,0,0,1,0
ZIN1036,bubur nasi,305.432,73.00008059,1.3,16,0,0,2,0
ZIN1037,bubur nasi (belu),150.624,36.00003974,0.7,8,0,0,1,0
ZIN1038,bubur nasi campur,276.144,66.00007286,2,13.3,0,1,5,0
ZIN1039,bubur nasi campur kangkung,523,125.000138,2.4,27.5,0,1,6,0
ZIN1040,bubur nasi campur sawi belu,263.592,63.00006955,1.3,13.9,2,1,6,0
ZIN1041,bubur nasi campur supermie belu,184.096,44.00004858,0.9,9.5,0,0,1,0
ZIN1042,bubur nasi campur tomat belu,167.36,40.00004416,0.8,8.8,3,2,2,0
ZIN1043,bubur nasi kac. hij. (belu),50.208,12.00001325,0.5,2.5,0,0,1,0
ZIN1044,bubur nasi kecap,640.152,153.0001689,1.9,36.3,0,280,3,0
ZIN1045,bubur nasi wortel,322.168,77.00008501,1.5,17.1,0,7,5,0
ZIN1046,bubur nestle belu made up,171.544,41.00004526,1.4,6.6,2,16,39,1
ZIN1047,bubur nestle dry,1941.376,464.0005123,21.6,51.6,37,320,770,25
ZIN1048,bubur nutricia sayur daging,1732.176,414.0004571,14.2,65.8,19,160,389,13
ZIN1049,bubur pacar,548.104,131.0001446,0.4,24.8,0,4,2,0
ZIN1050,bubur saing,75.312,18.00001987,0.3,4,0,0,0,0
ZIN1051,bubur sari buah nestle,2493.664,596.000658,17.5,105.9,19,160,393,13
ZIN1052,bubur saring belu,305.432,73.00008059,1.3,16,0,0,2,0
ZIN1053,bubur serelac made up belu,372.376,89.00009826,3.7,11.4,6,51,124,4
ZIN1054,bubur sum sum belu,150.624,36.00003974,0.7,8,0,0,1,0
ZIN1055,bubur sumsum/bubur belohok,146.44,35.00003864,0.3,6.7,0,1,1,0
ZIN1056,bubur sun beras merah,192.464,46.00005078,2.2,5.2,4,32,77,3
ZIN1057,bubur sun beras merah belu made up,171.544,41.00004526,1.4,6.6,2,16,39,1
ZIN1058,bubur sun kacang hijau belu made up,347.272,83.00009163,2.8,13.2,4,32,78,3
ZIN1059,bubur sun pisang belu made up,347.272,83.00009163,2.8,13.2,4,32,78,3
ZIN1060,bubur tepung,305.432,73.00008059,1.3,16,0,0,2,0
ZIN1061,bubur tepung beras dry rice flour,1535.528,367.0004052,6.8,80.7,0,0,8,0
ZIN1062,bubur tepung beras merah,305.432,73.00008059,1.3,16,0,0,2,0
ZIN1063,bubur tepung beras -oko belu,238.488,57.00006293,2,9,3,22,54,2
ZIN1064,bubur tepung jangung belu,364.008,87.00009605,1.9,18.5,0,8,1,0
ZIN1065,bubur tim,330.536,79.00008722,2,16.1,0,6,6,19
ZIN1066,bubur tim belu,179.912,43.00004747,1.4,8.1,0,6,5,19
ZIN1067,cangkring tetelan,79.496,19.00002098,2.8,0,0,6,1,7
ZIN1068,cerelac/ ceresoy,1619.208,387.0004272,14,78.1,3,130,315,5
ZIN1069,kuah asam ikan tembang belu,37.656,9.000009936,1.7,0,0,5,1,6
ZIN1070,kuah sayur kool belu,121.336,29.00003202,0.5,2.4,10,4,12,0
ZIN1071,saos tomat,133.888,32.00003533,1.4,6.9,29,14,8,0
ZIN1072,soto ayam,451.872,108.0001192,7.4,8.7,0,30,12,75
ZIN1073,soto daging,238.488,57.00006293,3.6,0,0,8,1,13
ZIN1074,sup ayam belu,179.912,43.00004747,4,0,0,11,2,12
ZIN1075,sup daging  belu,238.488,57.00006293,3.6,0,0,8,1,13
ZIN1076,sup kacang hijau  belu,121.336,29.00003202,1.9,5.2,0,1,6,0
ZIN1077,sup kacang merah  belu,133.888,32.00003533,2.2,5.7,0,1,7,0
ZIN1078,susu bebelac,2092,500.000552,10.8,60.8,49,160,385,13
ZIN1079,susu bendera 123,1941.376,464.0005123,21.6,51.6,37,320,770,25
ZIN1080,susu chilmil,1861.88,445.0004913,16.2,63.7,28,240,578,19
ZIN1081,susu dancow,1941.376,464.0005123,21.6,51.6,37,320,770,25
ZIN1082,susu dancow balita,1941.376,464.0005123,21.6,51.6,37,320,770,25
ZIN1083,susu dancow coklat,1811.672,433.000478,13,70.9,22,192,462,15
ZIN1084,susu dancow instant,1941.376,464.0005123,21.6,51.6,37,320,770,25
ZIN1085,susu dancow made up(belu),163.176,39.00004306,1.3,6.1,2,19,46,2
ZIN1086,susu enfamil,1941.376,464.0005123,21.6,51.6,37,320,770,25
ZIN1087,susu envapro,1941.376,464.0005123,21.6,51.6,37,320,770,25
ZIN1088,susu kental manis made up belu,1384.904,331.0003654,8,55,3,138,288,35
ZIN1089,susu lactogen,1941.376,464.0005123,21.6,51.6,37,320,770,25
ZIN1090,susu lactogen 1,2092,500.000552,10.8,60.8,49,160,385,13
ZIN1091,susu lactogen 2,1941.376,464.0005123,21.6,51.6,37,320,770,25
ZIN1092,susu lactogen made up (belu),163.176,39.00004306,1.3,6.1,2,19,46,2
ZIN1093,susu llm,2092,500.000552,10.8,60.8,49,160,385,13
ZIN1094,susu morinaga,2092,500.000552,10.8,60.8,49,160,385,13
ZIN1095,susu nutrilon,2092,500.000552,10.8,60.8,49,160,385,13
ZIN1096,susu nutrima,1941.376,464.0005123,21.6,51.6,37,320,770,25
ZIN1097,susu promil,1933.008,462.00051,22.9,53.8,7,378,825,68
ZIN1098,susu s26,2092,500.000552,10.8,60.8,49,160,385,13
ZIN1099,susu sgm 1,2092,500.000552,10.8,60.8,49,160,385,13
ZIN1100,susu sgm 2,1941.376,464.0005123,21.6,51.6,37,320,770,25
ZIN1101,susu sgm dry powder,1941.376,464.0005123,21.6,51.6,37,320,770,25
ZIN1102,susu sustagen,1941.376,464.0005123,21.6,51.6,37,320,770,25
ZIN1103,susu sustagen yunior,1527.16,365.000403,20.4,69.4,66,312,738,12
ZIN1104,susu vitalac 1,2092,500.000552,10.8,60.8,49,160,385,13
ZIN1105,susu vitalac 2,1941.376,464.0005123,21.6,51.6,37,320,770,25
21377,mcdonald's bacon ranch salad w/ crispy chick,122,122,8.82,6.08,9.7,273,46,22
21233,mcdonald's; cheeseburger,263,263,12.97,27.81,0.6,626,167,35
21232,mcdonald's; flt-o-fsh,282,282,11.26,26.39,0.3,434,120,32
21360,mcdonald's;bacon egg & chs biscuit,304,304,13.45,22.26,2.1,863,109,167
21376,mcdonald's;bacon ranch salad w/ grilled chick,81,81,10.28,3.64,10.2,230,48,28
21378,mcdonald's;bacon ranch salad wo/ chick,61,61,4.14,4.2,13.5,132,63,12
21327,mcdonald's;bacon;egg & chs mcgriddles,272,272,12.03,26.19,1.8,673,109,147
21310,mcdonald's;barbeque sau,165,165,1.55,36.93,0,910,11,0
21341,mcdonald's;big brkfst,285,285,10.16,17.5,0.4,549,51,173
21237,mcdonald's;big mac,257,257,11.82,20.08,0.4,460,116,36
21350,mcdonald's;big mac (without big mac sauce),234,234,12.79,21.01,0.4,454,124,35
21324,mcdonald's;bkd appl pie,323,323,3.07,43.62,32.3,199,19,0
21309,mcdonald's;chick mcnuggets,302,302,15.79,15.09,1.2,566,11,44
21311,mcdonald's;creamy ranch sau,468,468,1.11,3.49,0,708,29,21
21363,mcdonald's;deluxe brkfst;w/ syrup & margarine,285,285,7.56,29.48,0.2,437,50,109
21344,mcdonald's;double cheeseburger,282,282,15.5,18.79,0.4,668,178,48
21345,mcdonald's;double quarter pounder w/ chs,262,262,16.96,14.43,0.6,476,106,57
21357,mcdonald's;egg mcmuffin,228,228,13.64,21.67,1.2,617,192,165
21382,mcdonald's;filet-o-fish (without tartar sauce),243,243,12.47,31.08,0.1,464,128,25
21238,mcdonald's;french fr,323,323,3.41,42.58,5.6,189,19,0
21380,mcdonald's;fruit 'n yogurt parfait,105,105,2.73,20.72,13.9,58,86,5
21381,mcdonald's;fruit 'n yogurt parfait (without granola),90,90,2.47,17.67,14.5,38,87,5
21228,mcdonald's;hamburger,264,264,12.92,30.28,0.6,494,127,27
21319,mcdonald's;hash brown,271,271,2.48,28.56,5.6,580,19,0
21335,mcdonald's;hot caramel sundae,188,188,3.58,33.36,0,80,127,16
21336,mcdonald's;hot fudge sundae,186,186,4.14,30.05,0,94,139,13
21313,mcdonald's;hot mustard sau,190,190,2.6,29.08,0,902,32,0
21364,mcdonald's;hotcakes & sausage,294,294,7.81,37.55,0,484,78,19
21321,mcdonald's;hotcakes (plain),228,228,6,38.27,0,358,84,13
21365,mcdonald's;hotcakes (with 2 pats margarine & syrup),272,272,4.05,46.08,0,283,57,9
21343,mcdonald's;lofat caramel sau,313,313,1.89,71.53,0,170,71,12
21355,mcdonald's;mcchicken sndwch,273,273,10.43,27.97,0,624,88,27
21356,mcdonald's;mcchicken sndwch (without mayonnaise),240,240,11.08,30.95,0.9,555,96,22
21338,mcdonald's;mcflurry w/ m&m's candies,177,177,4.02,26.82,0,54,135,16
21339,mcdonald's;mcflurry w/ oreo cookies,165,165,3.97,25.55,0,75,129,15
21346,mcdonald's;newman's own cobb drsng,196,196,1.69,15.49,0.5,709,50,13
21347,mcdonald's;newman's own creamy caesar drsng,319,319,3.56,6.85,0,851,104,35
21348,mcdonald's;newman's own lofat balsamic vinaigrette,86,86,0.19,24.65,4,1562,8,0
21349,mcdonald's;newman's own ranch drsng,313,313,2.62,16.75,0.8,954,77,32
21337,mcdonald's;pnuts (for sundaes),640,640,28.04,16.23,0,0,46,0
21403,mcdonald's;premium crispy chick classic sndwch,228,228,12.08,25.46,2.5,430,34,26
21405,mcdonald's;premium crispy chick club sndwch,250,250,15.38,22.61,3.8,472,92,38
21407,mcdonald's;premium crispy chick ranch blt sndwch,244,244,14.7,24.93,4.3,488,35,30
21402,mcdonald's;premium grilled chick classic sndwch,183,183,14.16,22.28,3.2,410,37,34
21404,mcdonald's;premium grilled chick club sndwch,221,221,17.19,19.87,4.4,462,95,46
21406,mcdonald's;premium grilled chick ranch blt sndwch,204,204,16.7,21.91,4.9,495,38,38
21234,mcdonald's;quarter pounder,244,244,14.1,22.17,0.9,427,84,39
21235,mcdonald's;quarter pounder w/ chs,258,258,14.59,19.95,0.8,579,144,47
21523,mcdonald's;ranch snack wrap;crispy,275,275,11.48,23.22,0.3,607,88,0
21524,mcdonald's;ranch snack wrap;grilled,222,222,13.77,18.43,0.4,577,93,0
21361,mcdonald's;sausage biscuit,376,376,9.62,27.2,0,875,55,29
21362,mcdonald's;sausage biscuit w/ egg,311,311,11.27,19.28,0,664,58,152
21340,mcdonald's;sausage burrito,277,277,11.1,22.97,0,744,132,137
21328,mcdonald's;sausage mcgriddles,312,312,8.41,31.25,0,737,63,24
21358,mcdonald's;sausage mcmuffin,333,333,12.66,24.52,0,693,224,39
21359,mcdonald's;sausage mcmuffin w/ egg,274,274,12.59,17.28,0,572,172,154
21329,mcdonald's;sausage;egg & chs mcgriddles,283,283,10.77,22.04,0,652,96,132
21379,mcdonald's;side salad,20,20,1.03,4.3,15.7,12,24,0
21522,mcdonald's;southern style chick biscuit,304,304,11.93,30.56,0.7,868,44,0
21314,mcdonald's;spicy buffalo sau,142,142,0.54,1.81,0,2140,9,0
21334,mcdonald's;strawberry sundae,158,158,3.19,28.09,1.5,47,110,13
21315,mcdonald's;swt 'n sour sau,170,170,0.66,39.38,1.2,557,6,0
21316,mcdonald's;tangy honey mustard sau,167,167,1.32,28.81,0,383,23,0
21333,mcdonald's;vanilla red fat ice crm cone,162,162,4.24,26.36,0,67,129,15
21419,kfc;biscuit,358,358,7.5,43.55,0,1070,55,1
21420,kfc;coleslaw,144,144,0.91,15.65,14.6,189,28,2
21421,kfc;crispy chick strips,274,274,20.25,13.66,0,948,25,51
21438,kfc;fried chick;ex crispy;breast;meat & skn w/ breading,268,268,21.24,8.47,0,607,27,76
21430,kfc;fried chick;ex crispy;breast;meat only;skn & brding rmvd,153,153,27.25,0.25,0,477,20,87
21439,kfc;fried chick;ex crispy;drumstk;meat & skn w/ breading,274,274,20.62,7.96,0,632,25,109
21431,kfc;fried chick;ex crispy;drumstk;meat only;skn & brdng rmvd,170,170,25.9,0,0,526,16,137
21429,kfc;fried chick;ex crispy;skn & breading,464,464,10.96,22.54,0,828,41,59
21440,kfc;fried chick;ex crispy;thigh;meat & skn w/ breading,309,309,17.17,10.3,0,682,30,91
21432,kfc;fried chick;ex crispy;thigh;meat only;skn & brding rmvd,179,179,22.41,0,0,558,21,118
21441,kfc;fried chick;ex crispy;wing;meat & skn w/ breading,337,337,20.8,11.66,0,765,35,107
21433,kfc;fried chick;ex crispy;wing;meat only;skn & brding removd,236,236,28.67,2.97,0,714,30,146
21434,kfc;fried chick;original recipe;breast;meat & skn w/ brding,231,231,21.94,6.28,0,606,33,81
21425,kfc;fried chick;original recipe;breast;meat nly;skn brdng rd,149,149,26.89,0,0,499,25,96
21435,kfc;fried chick;original recipe;drumstk;meat & skn w/ brding,239,239,22.3,5.39,0,625,29,117
21426,kfc;fried chick;original recipe;drumstk;meat only;skn brg rd,175,175,26.3,0.11,0,524,16,137
21424,kfc;fried chick;original recipe;skn & breading,384,384,14.17,18.79,0,1042,117,82
21436,kfc;fried chick;original recipe;thigh;meat & skn w/ breading,269,269,18.9,8.46,0,781,64,104
21427,kfc;fried chick;original recipe;thigh;meat only;skn brdng rd,175,175,22.78,0.01,0,568,20,122
21437,kfc;fried chick;original recipe;wing;meat & skn w/ breading,297,297,21.7,9.93,0,884,77,113
21428,kfc;fried chick;original recipe;wing;meat only;skn brdng rd,216,216,28.65,1.76,0,738,40,141
21422,kfc;popcorn chick,351,351,17.67,21.18,0,1140,32,40
21271,"pizza hut 12"" chs pizza;hand-tossed crust",271,271,11.93,31.22,0,685,209,24
21272,"pizza hut 12"" chs pizza;pan crust",280,280,11.73,29.93,0,624,208,21
21273,"pizza hut 12"" chs pizza;thin 'n crispy crust",303,303,15.29,28.64,0,784,278,34
21274,"pizza hut 12"" pepperoni pizza;hand-tossed crust",280,280,12.86,31.55,0,801,155,26
21275,"pizza hut 12"" pepperoni pizza;pan crust",298,298,11.97,30.49,0,692,146,25
21276,"pizza hut 12"" super supreme pizza;hand-tossed crust",243,243,10.9,25.62,0,689,129,20
21293,"pizza hut 14"" chs pizza;hand-tossed crust",275,275,11.98,33.42,2,674,209,18
21294,"pizza hut 14"" chs pizza;pan crust",276,276,10.85,32.85,1.9,580,192,18
21512,"pizza hut 14"" chs pizza;stuffed crust",274,274,12.23,30,3.1,615,238,30
21295,"pizza hut 14"" chs pizza;thin 'n crispy crust",306,306,13.37,34.22,4.2,857,284,30
21296,"pizza hut 14"" pepperoni pizza;hand-tossed crust",291,291,12.23,32.11,1,759,166,26
21297,"pizza hut 14"" pepperoni pizza;pan crust",291,291,11.47,31.79,1,676,147,23
21491,"pizza hut 14"" pepperoni pizza;thin 'n crispy crust",333,333,14.13,32.66,2.8,967,196,37
21497,"pizza hut 14"" sausage pizza;hand-tossed crust",287,287,11.92,29.39,2.8,671,150,26
21498,"pizza hut 14"" sausage pizza;pan crust",287,287,11.08,29.56,1.6,596,132,23
21496,"pizza hut 14"" sausage pizza;thin 'n crispy crust",323,323,13.95,28.7,3,839,193,37
21298,"pizza hut 14"" super supreme pizza;hand-tossed crust",248,248,11.34,26.01,0.6,658,104,28
21525,pizza hut;breadstick;parmesan garlic,343,343,12.2,44.48,0,539,87,7
21277,"domino's 14"" chs pizza;classic hand-tossed crust",257,257,10.8,33.24,0.9,523,167,17
21279,"domino's 14"" chs pizza;crunchy thin crust",298,298,12.33,28.18,1.7,628,292,27
21278,"domino's 14"" chs pizza;ultimate deep dish crust",265,265,10.76,33.48,0.4,615,166,16
21282,"domino's 14"" extravaganzza fst pizza;clssic hand-tossed crst",244,244,10.33,25.72,0,456,113,20
21280,"domino's 14"" pepperoni pizza;classic hand-tossed crust",273,273,11.25,31.86,0.8,611,141,25
21492,"domino's 14"" pepperoni pizza;crunchy thin crust",328,328,13.88,25.35,1.2,783,236,38
21281,"domino's 14"" pepperoni pizza;ultimate deep dish crust",283,283,11.52,31.89,0.4,693,149,24
21494,"domino's 14"" sausage pizza;classic hand-tossed crust",273,273,11.08,31.84,0.6,594,137,21
21493,"domino's 14"" sausage pizza;crunchy thin crust",319,319,12.77,25.3,1.1,725,234,35
21495,"domino's 14"" sausage pizza;ultimate deep dish crust",277,277,11.03,31.17,0.4,677,154,23
21251,burger king; chsbrgr,286,286,14.57,23.71,0.2,602,93,45
21256,burger king;chick strips,292,292,18.2,20.49,1.1,859,13,44
21385,burger king;croissan'wich w/ egg & chs,283,283,10.35,24.79,0,650,231,139
21384,burger king;croissan'wich w/ sausage & chs,376,376,13.73,23,0,782,107,43
21383,burger king;croissan'wich w/ sausage;egg & chs,308,308,12.09,15.9,0,577,90,123
21506,burger king;double cheeseburger,282,282,16.83,17.43,0,562,120,0
21254,burger king;double whopper;no chs,252,252,13.94,13.74,0.2,289,35,46
21255,burger king;double whopper;w/ chs,266,266,14.47,13.52,0.2,387,78,47
21249,burger king;french fr,280,280,3.23,38.7,2.2,279,17,0
21386,burger king;french toast stks,349,349,6,41.21,0,428,53,0
21250,burger king;hamburger,261,261,14.85,26.76,0.2,461,76,35
21387,burger king;hash brown rounds,302,302,2.8,29.37,4.3,568,15,0
21509,burger king;onion rings,417,417,3.86,43.58,1.4,776,115,0
21259,burger king;original chick sndwch,286,286,12.14,26.22,0.2,638,46,31
21258,burger king;premium fish sndwch,260,260,10.29,26.69,0.2,602,37,31
21141,burger king;vanilla shake,168,168,3.19,19.03,0,100,104,31
21252,burger king;whopper;no chs,233,233,10.74,18.55,0.2,313,39,30
21253,burger king;whopper;w/ chs,250,250,11.19,16.7,0.2,453,82,36
22918,burrito; bean and cheese; frozen,221,221,7.07,34.01,0.3,351,52,2
22917,burrito;bf & bean;frz,239,239,7.26,30.84,0.8,587,34,8
22928,burrito;bf & bean;microwaved,298,298,8.73,38.95,1,659,39,9
